# Host: localhost  (Version: 5.7.11-log)
# Date: 2018-03-12 16:58:02
# Generator: MySQL-Front 5.3  (Build 5.20)

/*!40101 SET NAMES utf8 */;

#
# Data for table "fom_centre"
#

INSERT INTO `fom_centre` (`id`,`centre`,`owner`,`preparation`,`bz`,`createdAt`,`updatedAt`,`deletedAt`) VALUES (1,'DBG 信管中心','韩小龙',247,'xxx','2018-03-12 02:33:02','2018-03-12 02:33:02',NULL);

#
# Data for table "fom_dept"
#

INSERT INTO `fom_dept` (`id`,`centreId`,`plant`,`place`,`dept`,`owner`,`preparation`,`bz`,`createdAt`,`updatedAt`,`deletedAt`) VALUES (1,1,'B4','北京','企划部','朱博雅',7,'DBG 中心','2018-03-09 01:11:00','2018-03-09 01:11:00',NULL),(2,1,'B4','北京','应用系统部','魏晓明',8,'DBG 中心','2018-03-09 01:11:00','2018-03-09 01:11:00',NULL),(3,1,'B1','北京','B1 信管部','张美荣',17,'xxxx','2018-03-09 01:11:00','2018-03-09 01:11:00',NULL),(4,1,'B2','成都','B2 信管部','沈勇',18,'xxxx','2018-03-09 01:11:00','2018-03-09 01:11:00',NULL),(5,1,'B3','合肥','B3 信管部','刘振',19,'xxxx','2018-03-09 01:11:00','2018-03-09 01:11:00',NULL),(6,1,'B4','北京','B4 信管部','宋健',20,'xxxx','2018-03-09 01:11:00','2018-03-09 01:11:00',NULL),(7,1,'B5','合肥','B5 信管部','袁曙',21,'xxxx','2018-03-09 01:11:00','2018-03-09 01:11:00',NULL),(8,1,'B6','鄂尔多斯','B6 信管部','王尧',22,'xxxx','2018-03-09 01:11:00','2018-03-09 01:11:00',NULL),(9,1,'B7','成都','B7 信管部','王程',23,'xxxx','2018-03-09 01:11:00','2018-03-09 01:11:00',NULL),(10,1,'B8','重庆','B8 信管部','刘磊',24,'xxxx','2018-03-09 01:11:00','2018-03-09 01:11:00',NULL),(11,1,'B9','合肥','B9 信管部','李红力',25,'xxxx','2018-03-09 01:11:00','2018-03-09 01:11:00',NULL),(12,1,'B10','福清','B10 信管部','杜晖',26,'xxxx','2018-03-09 01:11:00','2018-03-09 01:11:00',NULL),(13,1,'B11','四川绵阳','B11 信管部','贺子龙',27,'xxxx','2018-03-09 01:11:00','2018-03-09 01:11:00',NULL),(14,1,'B12','重庆','B12 信管','刘磊',18,'xxx','2018-03-09 00:00:00','2018-03-09 00:00:00',NULL),(15,1,'BMDT','河北固安','BMDT 信管部','孙双成',29,'xxxx','2018-03-09 01:11:00','2018-03-09 01:11:00',NULL),(16,1,'B17','武汉','B17 信管部','李红力',30,'xxxx','2018-03-09 01:11:00','2018-03-09 01:11:00',NULL);

#
# Data for table "fom_grade"
#

INSERT INTO `fom_grade` (`id`,`grade`,`createdAt`,`updatedAt`,`deletedAt`) VALUES (1,'专家','2018-03-12 08:26:10','2018-03-12 08:26:10',NULL),(2,'资深','2018-03-12 08:26:10','2018-03-12 08:26:10',NULL),(3,'高级','2018-03-12 08:26:10','2018-03-12 08:26:10',NULL),(4,'中级','2018-03-12 08:26:10','2018-03-12 08:26:10',NULL),(5,'初级','2018-03-12 08:26:10','2018-03-12 08:26:10',NULL),(6,'助理','2018-03-12 08:26:10','2018-03-12 08:26:10',NULL);

#
# Data for table "fom_office"
#

INSERT INTO `fom_office` (`id`,`deptId`,`office`,`owner`,`preparation`,`bz`,`createdAt`,`updatedAt`,`deletedAt`) VALUES (1,1,'重点项目企划科','鲁鹏',3,'yyy','2018-03-09 01:11:04','2018-03-09 01:11:04',NULL),(2,1,'标准化科','李杰',3,'yyy','2018-03-09 01:11:04','2018-03-09 01:11:04',NULL),(3,3,'B1 应用系统科','张美荣',5,'yyy','2018-03-09 01:11:04','2018-03-09 01:11:04',NULL),(4,3,'B1 IT 科','孙双成',11,'yyy','2018-03-09 01:11:04','2018-03-09 01:11:04',NULL),(5,4,'B2 应用系统科','曾勋',3,'yyy','2018-03-09 01:11:04','2018-03-09 01:11:04',NULL),(6,4,'B2 IT 科','沈勇',3,'yyy','2018-03-09 01:11:04','2018-03-09 01:11:04',NULL),(7,5,'B3 应用系统科','刘振',3,'yyy','2018-03-09 01:11:04','2018-03-09 01:11:04',NULL),(8,5,'B3 IT 科','顾今',3,'yyy','2018-03-09 01:11:04','2018-03-09 01:11:04',NULL),(9,6,'B4 应用系统科','徐皛',3,'yyy','2018-03-09 01:11:04','2018-03-09 01:11:04',NULL),(10,6,'B4 IT 科','赵盼辉',3,'yyy','2018-03-09 01:11:04','2018-03-09 01:11:04',NULL),(11,7,'B5 应用系统科','杜俊雅',3,'yyy','2018-03-09 01:11:04','2018-03-09 01:11:04',NULL),(12,7,'B5 IT 科','侍天航',3,'yyy','2018-03-09 01:11:04','2018-03-09 01:11:04',NULL),(13,8,'B6 应用系统科','杨建平',3,'yyy','2018-03-09 01:11:04','2018-03-09 01:11:04',NULL),(14,8,'B6 IT 科','李鹏程',3,'yyy','2018-03-09 01:11:04','2018-03-09 01:11:04',NULL),(15,9,'B7 应用系统科','李延龙',3,'yyy','2018-03-09 01:11:04','2018-03-09 01:11:04',NULL),(16,9,'B7 IT 科','董志刚',3,'yyy','2018-03-09 01:11:04','2018-03-09 01:11:04',NULL),(17,10,'B8 应用系统科','王石刚',3,'yyy','2018-03-09 01:11:04','2018-03-09 01:11:04',NULL),(18,10,'B8 IT 科','陈俊松',3,'yyy','2018-03-09 01:11:04','2018-03-09 01:11:04',NULL),(19,11,'B9 应用系统科','徐炎',3,'yyy','2018-03-09 01:11:04','2018-03-09 01:11:04',NULL),(20,11,'B9 IT 科','王亚坤',3,'yyy','2018-03-09 01:11:04','2018-03-09 01:11:04',NULL),(21,12,'B10 应用系统科','陈慧芳',3,'yyy','2018-03-09 01:11:04','2018-03-09 01:11:04',NULL),(22,12,'B10 IT 科','沈鑫',3,'yyy','2018-03-09 01:11:04','2018-03-09 01:11:04',NULL),(23,13,'B11 应用系统科','黄辅友',3,'yyy','2018-03-09 01:11:04','2018-03-09 01:11:04',NULL),(24,13,'B11 IT 科','杨凯',3,'yyy','2018-03-09 01:11:04','2018-03-09 01:11:04',NULL),(25,14,'B12 应用系统科',NULL,3,'yyy','2018-03-09 01:11:04','2018-03-09 01:11:04',NULL),(26,14,'B12 IT 科',NULL,3,'yyy','2018-03-09 01:11:04','2018-03-09 01:11:04',NULL),(27,15,'应用系统科','张书楠',3,'yyy','2018-03-09 01:11:04','2018-03-09 01:11:04',NULL),(28,15,'IT 科','张威',3,'yyy','2018-03-09 01:11:04','2018-03-09 01:11:04',NULL),(29,16,'B17 应用系统科','李昕',3,'yyy','2018-03-09 01:11:04','2018-03-09 01:11:04',NULL),(30,16,'B17 IT 科',NULL,3,'yyy','2018-03-09 01:11:04','2018-03-09 01:11:04',NULL),(31,2,'流程管理科','汪雯',3,'yyy','2018-03-09 01:11:04','2018-03-09 01:11:04',NULL),(32,2,'系统运维科','马诗琴',3,'yyy','2018-03-09 01:11:04','2018-03-09 01:11:04',NULL);

#
# Data for table "fom_post"
#

INSERT INTO `fom_post` (`id`,`post`,`postType`,`postDescribe`,`createdAt`,`updatedAt`,`deletedAt`) VALUES (1,'部长','中级管理',NULL,'2018-03-12 00:00:00','2018-03-12 00:00:00',NULL),(2,'科长','初级管理',NULL,'2018-03-12 00:00:00','2018-03-12 00:00:00',NULL),(3,'PP','IT 运维工程师',NULL,'2018-03-12 00:00:00','2018-03-12 00:00:00',NULL),(4,'QM','IT 运维工程师',NULL,'2018-03-12 00:00:00','2018-03-12 00:00:00',NULL),(5,'MM','IT 运维工程师',NULL,'2018-03-12 00:00:00','2018-03-12 00:00:00',NULL),(6,'FICO','IT 运维工程师',NULL,'2018-03-12 00:00:00','2018-03-12 00:00:00',NULL),(7,'SD','IT 运维工程师',NULL,'2018-03-12 00:00:00','2018-03-12 00:00:00',NULL),(8,'IE','IT 运维工程师',NULL,'2018-03-12 00:00:00','2018-03-12 00:00:00',NULL),(9,'PM','IT 运维工程师',NULL,'2018-03-12 00:00:00','2018-03-12 00:00:00',NULL),(10,'其他系统','IT 运维工程师',NULL,'2018-03-12 00:00:00','2018-03-12 00:00:00',NULL),(11,'服务器','IT 运维工程师',NULL,'2018-03-12 00:00:00','2018-03-12 00:00:00',NULL),(12,'桌面云','IT 运维工程师',NULL,'2018-03-12 00:00:00','2018-03-12 00:00:00',NULL),(13,'一卡通','IT 运维工程师',NULL,'2018-03-12 00:00:00','2018-03-12 00:00:00',NULL),(14,'弱电','IT 运维工程师',NULL,'2018-03-12 00:00:00','2018-03-12 00:00:00',NULL),(15,'PC','IT 运维工程师',NULL,'2018-03-12 00:00:00','2018-03-12 00:00:00',NULL),(16,'会议系统','IT 运维工程师',NULL,'2018-03-12 00:00:00','2018-03-12 00:00:00',NULL),(17,'信息安全','IT 运维工程师',NULL,'2018-03-12 00:00:00','2018-03-12 00:00:00',NULL),(18,'通讯','IT 运维工程师',NULL,'2018-03-12 00:00:00','2018-03-12 00:00:00',NULL),(19,'服务台','IT 运维工程师',NULL,'2018-03-12 00:00:00','2018-03-12 00:00:00',NULL),(20,'网络','IT 运维工程师',NULL,'2018-03-12 00:00:00','2018-03-12 00:00:00',NULL),(21,'企划','IT 规划工程师',NULL,'2018-03-12 00:00:00','2018-03-12 00:00:00',NULL);

#
# Data for table "fom_staff"
#

INSERT INTO `fom_staff` (`id`,`deptId`,`officeId`,`name`,`userid`,`gender`,`birthday`,`birth_place`,`education`,`school`,`major`,`work_date`,`enter_date`,`grade`,`mainPost`,`subPost`,`postType`,`postDescribe`,`state`,`bz`,`createdAt`,`updatedAt`,`deletedAt`) VALUES (1,1,NULL,'朱博雅','111822','女',NULL,NULL,NULL,NULL,NULL,NULL,NULL,'专家','部长',NULL,'部长','负责部门','在岗',NULL,'2018-03-11 00:00:00','2018-03-11 00:00:00',NULL),(2,1,1,'鲁鹏','118663','男','1989-05-03','湖北武汉','硕士','河北工业大学','计算机应用技术','2014-02-24','2014-02-24','高级','科长',NULL,'科长','1. 承接集团中心战略计划，制定D事业信管中心龙腾计划，整合行动计划，年度事业计划\n2. 对接业务组织发展战略，完成D事业信管中心相关应用系统&IT架构规划， \n3. 承接集团中心内控管理要求，统筹组织D事业信管中心内控手册编写和修订，完成系统运维管理的相关制度规范；\n4. 依据集团中心项目管理要求，制定DBG信管中心重点项目管理的相关制度规范；\n5. 跟踪监督D事业信管中心重点项目执行结果，完成项目评价及激励\n6. 依据内控制度制定相关检查点，并定期进行内控自查和巡检；\n7. 编写、执行科室年度事业计划KPI及预算；\n8. 科室日常管理工作，包括科室考核管理、人员招聘及培养等；\n9. 负责完成领导交办的工作任务。','在岗',NULL,'2018-01-01 00:00:00','2018-01-01 00:00:00',NULL),(3,2,NULL,'魏晓明','108040','女',NULL,NULL,NULL,NULL,NULL,NULL,NULL,'资深','部长',NULL,'部长',NULL,'在岗',NULL,'2018-03-11 00:00:00','2018-03-11 00:00:00',NULL),(4,3,3,'张美荣',NULL,'女',NULL,NULL,NULL,NULL,NULL,NULL,NULL,'资深','科长','FICO','科长','1. 全面负责应用系统科室重大项目及日常工作任务；\n2. 负责B1 应用系统用户问题的响应与处理；\n3. 组织并推进公司内的ERP流程优化改善；\n4. 参与制定及执行ERP系统实施、运维管理标准；\n5. 科室年度工作的计划、组织与控制，确保工作目标的达成；\n6. 完成科室团队建设及技术能力培养；\n7. 协助领导推进部门工作部署；\n8. 科室成员轮岗及业务指导；\n9. 承接集团及现地交办工作；\n10. 完成上级领导交办的其它任务。','在岗',NULL,'2018-03-12 00:00:00','2018-03-12 00:00:00',NULL),(5,3,3,'孙莉',NULL,'女',NULL,NULL,NULL,NULL,NULL,NULL,NULL,'中级','MM','MDM','MM中级应用服务岗','1. 处理ERP系统MM模块的日常运维工作，确保系统正常运行；\n2. 确保每月月结MM模块按时完成，并及时解决月结中出现的业务问题；\n3. 分析采购部等业务部门需求并及时处理，若无法解决则上报集团集思广益并进行解决；\n4. 收集用户的需求，不定期的对本模块的使用人员进行相关培训；\n5. 针对实际业务中不合理的流程提出改善优化建议；\n6. 负责应用系统在B1推广、深化、培训等工作；\n7. 定期对工作检讨、总结并报告；\n8. 完成好领导交办的其他工作。','在岗',NULL,'2018-03-12 00:00:00','2018-03-12 00:00:00',NULL),(6,3,3,'丁凯旋',NULL,'女',NULL,NULL,NULL,NULL,NULL,NULL,NULL,'初级','IE',NULL,'IE初级应用服务岗','1. 处理ERP系统IE模块的日常运维工作，确保系统正常运行；\n2. 确保IE每月月结按时完成，并及时解决月结中业务出现的问题；\n3. 接收物流关务部、库房提出的需求，进行分析，并及时解决处理；\n4. 收集用户的需求，不定期组织对IE模块的使用人员培训；\n5. 针对实际业务中不合理的流程提出改善建议；\n6. 负责应用系统在B1推广、深化、培训等工作；\n7. 定期对工作检讨、总结并报告；\n8. 完成好领导交办的其他工作。','在岗',NULL,'2018-03-12 00:00:00','2018-03-12 00:00:00',NULL),(7,3,3,'许小康',NULL,'女',NULL,NULL,NULL,NULL,NULL,NULL,NULL,'初级','PP',NULL,'PP初级应用服务岗','1. 处理ERP系统PP模块的日常运维工作，确保系统正常运行；\n2. 确保每月月结PP模块按时完成，并及时解决月结中出现的业务问题；\n3. 接收生管/制造/四大分厂技术部等提出的需求，进行分析，及时解决处理；\n4. 收集用户的需求，不定期的对本模块的使用人员进行相关培训；\n5. 针对实际业务中不合理的流程提出改善建议，并做好系统优化工作；\n6. 负责应用系统在B1推广、深化、培训等工作；\n7. 定期对工作检讨、总结并报告；\n8. 完成好领导交办的其他工作。','在岗',NULL,'2018-03-12 00:00:00','2018-03-12 00:00:00',NULL),(8,3,3,'朱元明',NULL,'男',NULL,NULL,NULL,NULL,NULL,NULL,NULL,'中级','QM',NULL,'QM中级应用服务岗','1. 负责SAP系统QM模块的日常运维工作，确保系统正常运行；\n2. 接收业务部门提出的需求并分析，可以解决的及时处理，不能自行解决的，将逐级上报给集团进行处理；\n3. 负责对SAP系统QM模块账号和权限管理\n4. 不定期对业务部门用户进行系统培训与指导；     \n5. 负责QM月结年结支持，及时应对结账中出现的相关问题，确保结账的顺利进行                                                                                                                                                                                                        6. 负责QM模块业务流程持续优化，并针对实际业务中不合理的流程提出改善建议。\n7. 完成所负责的项目中QM模块的工作；','在岗',NULL,'2018-03-12 00:00:00','2018-03-12 00:00:00',NULL),(9,3,4,'孙双成',NULL,'男',NULL,NULL,NULL,NULL,NULL,NULL,NULL,'高级','科长','服务器','科长','1） 完成工厂的IT基础建设工作\n2） 工厂 IT硬件（含数据中心、服务器、存储、网络、桌面云、通讯、多媒体等）日常运维，确保稳定运行和稼动率，支撑工厂的办公业务和生产业务\n3） 按照集团对IT系统的建设和运维规划以及架构推进 IT科的工作开展\n4） 执行集团各类硬件以及系统的管理标准\n5） 科室年度KPI、事业计划、预算的制定和管理，确保目标达成\n6） 科室人才梯队建设以及人才培养和储备\n7） 科室日常管理，包括人员管理、工作安排、计划监督等\n8） 完成集团和上级领导交代的其他任务\n','在岗',NULL,'2018-03-12 00:00:00','2018-03-12 00:00:00',NULL),(10,3,4,'巴雪艳',NULL,'女',NULL,NULL,NULL,NULL,NULL,NULL,NULL,'中级','服务器','通讯','中级服务器运维岗','1） 数据中心机房核心硬件设施的常规维护工作(含服务器、存储、备份设备等)；\n2） 核心服务器的操作系统的常规维护工作（Hpux\\AIX\\Linux\\Windows\\Vmware等）\n3） 数据中心机房动环监控管理（温度、湿度、电力、洁净、防磁、避雷、漏水等）\n4） 核心设备的物理状态巡检与系统日志检查，常规故障解决与系统配置变更；\n5） 服务器硬件的架构优化与系统性能调优；\n6） 本岗位涉及的项目实施与技术方案检讨、制定、实施、验收工作；\n7） 日/周/月数据中心机房设备运行情况报告的编制、管理；\n8） 设备履历卡和其他技术文档的编制、管理；\n9） 定期/非定期的System PM及报告；\n10） 定期/非定期的系统相关培训；\n11） 年度服务器设备维护合同推进以及费用支出管理；\n12） 完成领导交办的其它任务。\n','在岗',NULL,'2018-03-12 00:00:00','2018-03-12 00:00:00',NULL),(11,3,4,'侯卫杰',NULL,'男',NULL,NULL,NULL,NULL,NULL,NULL,NULL,'初级','服务器','PC','初级服务器运维岗','1） 数据中心机房核心硬件设施的常规维护工作(含服务器、存储、备份设备等)；\n2） 核心服务器的操作系统的常规维护工作（Hpux\\AIX\\Linux\\Windows\\Vmware等）\n3） 数据中心机房动环监控管理（温度、湿度、电力、洁净、防磁、避雷、漏水等）\n4） 核心设备的物理状态巡检与系统日志检查，常规故障解决与系统配置变更；\n5） 服务器硬件的架构优化与系统性能调优；\n6） 本岗位涉及的项目实施与技术方案检讨、制定、实施、验收工作；\n7） 日/周/月数据中心机房设备运行情况报告的编制、管理；\n9）','在岗',NULL,'2018-03-12 00:00:00','2018-03-12 00:00:00',NULL),(12,3,4,'芦雁',NULL,'女',NULL,NULL,NULL,NULL,NULL,NULL,NULL,'初级','通讯',NULL,'初级通讯运维岗','1） 起草、完善公司通讯的相关管理规定、技术报告书等；\n2） 语音交换机、电话配线架的日常管理和维护；\n3） 计费系统的管理和维护，每月电话费用的统计和整理；\n4） 门禁系统、考勤系统、售餐系统、CCTV系统服务器和客户终端的管理和维护；\n5） 会议室设备、电话会议、视频会议的管理和维护；\n6） Vendor及协作单位的通信服务支持，协助财务进行相关的费用收取；\n7） 负责电话用户的开通申请、安装和调试，包括对分机号码的管理；\n8） 根据公司需要，对通讯和相关服务进行开发和扩展；\n9） 通讯相关系统的合同管理和推进，各项费用的支出管理；\n10） 负责厂区通讯相关综合布线系统的新增、管理、维护\n11） 完成领导交办的其它任务。\n','在岗',NULL,'2018-03-12 00:00:00','2018-03-12 00:00:00',NULL),(13,3,4,'翟宇辰',NULL,'男',NULL,NULL,NULL,NULL,NULL,NULL,NULL,'初级','通讯',NULL,'初级通讯运维岗','1） 起草、完善公司通讯的相关管理规定、技术报告书等；\n2） 语音交换机、电话配线架的日常管理和维护；\n3） 计费系统的管理和维护，每月电话费用的统计和整理；\n4） 门禁系统、考勤系统、售餐系统、CCTV系统服务器和客户终端的管理和维护；\n5） 会议室设备、电话会议、视频会议的管理和维护；\n6） Vendor及协作单位的通信服务支持，协助财务进行相关的费用收取；\n7） 负责电话用户的开通申请、安装和调试，包括对分机号码的管理；\n8） 根据公司需要，对通讯和相关服务进行开发和扩展；\n9） 通讯相关系统的合同管理和推进，各项费用的支出管理；\n10） 负责厂区通讯相关综合布线系统的新增、管理、维护\n11） 完成领导交办的其它任务。\n','在岗',NULL,'2018-03-12 00:00:00','2018-03-12 00:00:00',NULL),(14,3,4,'田禹舜',NULL,'男',NULL,NULL,NULL,NULL,NULL,NULL,NULL,'高级','网络',NULL,'高级网络运维岗','1） 负责网络系统架构设计，熟悉全网网络核心、汇聚、接入等各层级的部署与实现方式。\n2） 负责现地OA、FA网络项目建设、升级、改造、优化、割接等相关工作。\n3） 保障网络稼动稳定，对网络运维、网络调试、信息安全、重大故障处理有清晰的思路及方法。\n4） 熟悉各主流设备厂商的硬件参数规格、软件系统等。\n5） 熟悉网络项目管理及项目推进中涉及的各个环节。\n6） 对网络设备性能及稳定指标实时监控分析，排除隐患，确保稳定。\n7） 熟悉主流技术并参考行业发展趋势不断学习进步。\n8） 团队中成为骨干并具备核心影响力，协助领导管理和推进部门工作。\n9） 综合能力素质培养，扩宽各专业技术领域及提高个人综合能力。\n','在岗',NULL,'2018-03-12 00:00:00','2018-03-12 00:00:00',NULL),(15,3,4,'刘朋',NULL,'男',NULL,NULL,NULL,NULL,NULL,NULL,NULL,'中级','网络','PC','中级网络运维岗','1） 负责网络系统架构设计，熟悉全网网络核心、汇聚、接入等各层级的部署与实现方式。\n2） 负责现地OA、FA网络项目建设、升级、改造、优化、割接等相关工作。\n3） 保障网络稼动稳定，对网络运维、网络调试、信息安全、重大故障处理有清晰的思路及方法。\n4） 熟悉各主流设备厂商的硬件参数规格、软件系统等。\n5） 熟悉网络项目管理及项目推进中涉及的各个环节。\n6） 对网络设备性能及稳定指标实时监控分析，排除隐患，确保稳定。\n7） 熟悉主流技术并参考行业发展趋势不断学习进步。\n8） 团队中成为骨干并具备核心影响力，协助领导管理和推进部门工作。\n9） 综合能力素质培养，扩宽各专业技术领域及提高个人综合能力。\n','在岗',NULL,'2018-03-12 00:00:00','2018-03-12 00:00:00',NULL),(16,3,4,'丁斌',NULL,'男',NULL,NULL,NULL,NULL,NULL,NULL,NULL,'高级','PC',NULL,'高级PC运维岗','1） 根据集团/公司计算机管理规定，审核用户计算机及IT配件申请、更换需求；\n2） 管理计算机及IT配件的存放领用流程，监控其数量，及时补充库存以满足日常使用；\n3） 根据用户需求制订并执行计算机采购计划，直至交付用户。\n4） 管理公用笔记本、出国出差笔记本、借用机、保密机等资产的使用。\n5） 即时或定期和发生资产变动的关联部门交接固定资产变更信息。\n6） 及时处理各部门用户日常计算机软硬件故障，帮助用户配置辅助设备，如打印机、扫描机、传真机等。\n7） 提供安全可控的FTP、文件共享等方式满足用户办公需要。\n8） 监测公司病毒感染情况并加以处理，包括杀毒和安装补丁等，保证公司计算机安全。\n9） 严格遵守信息安全规定处理用户硬盘和数据，发现违反规定的用户终端予以改正。\n10） 完成领导交办的其它任务。\n','在岗',NULL,'2018-03-12 00:00:00','2018-03-12 00:00:00',NULL),(17,4,5,'李昕',NULL,'男',NULL,NULL,NULL,NULL,NULL,NULL,NULL,'高级','科长',NULL,'科长级','1.负责成都京东方B2应用系统用户问题的响应与处理；\n2.协调人力资源，组织并推进公司内的应用系统相关的项目建设或流程改善；\n3.参与制定及执行应用系统系统实施、运维管理标准；\n4.科室年度工作的计划、组织与控制，确保工作目标的达成；\n5.科室的人员考勤及人员调度；\n6.科室成员的培训及业务指导；\n7.完成上级领导交办的其它任务。','在岗',NULL,'2018-03-12 00:00:00','2018-03-12 00:00:00',NULL),(18,4,5,'曾勋',NULL,'男',NULL,NULL,NULL,NULL,NULL,NULL,NULL,'高级','FICO',NULL,'FICO高级应用服务岗','1.负责财务管理日常业务运维；\n2.收集、整理财务用户对应用系统的使用意见，整理需求，推动系统功能新增或改善；\n3.负责财务业务涉及的新用户系统操作培训；\n4.配合上级部门整体计划，负责新项目的支持和推广；\n5.完成上级领导交办的其他事项。','在岗',NULL,'2018-03-12 00:00:00','2018-03-12 00:00:00',NULL),(19,4,5,'周作敏',NULL,'女',NULL,NULL,NULL,NULL,NULL,NULL,NULL,'高级','PP','FICO','FICO高级应用服务岗','1.负责生产管理日常业务运维；\n2.收集生产部门业务需求并提供解决方案； \n3.支持用户日常系统操作问题指导及培训； \n4.保障生产数据的准确性； \n5.完成上级领导交办的其它任务。','在岗',NULL,'2018-03-12 00:00:00','2018-03-12 00:00:00',NULL),(20,4,5,'刘梦新',NULL,'男',NULL,NULL,NULL,NULL,NULL,NULL,NULL,'中级','MM','PM&PP','PPMM中级应用服务岗','1.负责供应链管理日常业务运维；\n2.对用户进行系统操作培训，编写业务操作指导书；\n3.积极了解业务部门需求及问题，提供可行性方案；\n4.保障采购/仓储/制造等部门业务正确高效进行；\n5.完成上级领导交办的其它任务。','在岗',NULL,'2018-03-12 00:00:00','2018-03-12 00:00:00',NULL),(21,4,5,'梅亮亮',NULL,'男',NULL,NULL,NULL,NULL,NULL,NULL,NULL,'初级','SD','IE','SD/IE初级应用服务岗','1.负责销售管理日常业务运维；\n2.收集用户需求，优化系统流程及功能； \n3.对SDIE模块相关用户进行培训； \n4.协助二级运维推进系统标准化；\n5.完成上级领导交办的其它任务。                             ','在岗',NULL,'2018-03-12 00:00:00','2018-03-12 00:00:00',NULL),(22,4,6,'沈勇',NULL,'男',NULL,NULL,NULL,NULL,NULL,NULL,NULL,'高级','科长','无','科长级','1.根据公司发展规划，编制公司IT科规划、预算、KPI等，并组织实施；\n2.管控IT整体系统，保障网络、服务器、通讯等业务运行；\n3.协调内部、外部工作关系，监督报告执行。','在岗',NULL,'2018-03-12 00:00:00','2018-03-12 00:00:00',NULL),(23,4,6,'梁兵兵',NULL,'男',NULL,NULL,NULL,NULL,NULL,NULL,NULL,'高级','网络','信息安全','高级网络运维岗','1.公司生产FA区网络管理工作，负责FA区CISCO设备日常硬件、防火墙、上网行为等系统维护，软件的监控、管理、巡检工作；                                         \n2.对设备出现的软件和硬件问题进行诊断和故障排除；      \n3.弱电的施工管理工作。','在岗',NULL,'2018-03-12 00:00:00','2018-03-12 00:00:00',NULL),(24,4,6,'谭波',NULL,'男',NULL,NULL,NULL,NULL,NULL,NULL,NULL,'初级','网络','弱电','初级网络运维岗\n兼桌面运维','1.公司办公OA区网络管理工作，负责OA区CISCO设备日常硬件、无线系统维护，软件的监控、管理、巡检工作；                                         \n2.对设备出现的软件和硬件问题进行诊断和故障排除；      \n3.弱电的施工管理工作。','在岗',NULL,'2018-03-12 00:00:00','2018-03-12 00:00:00',NULL),(25,4,6,'杨青松',NULL,'男',NULL,NULL,NULL,NULL,NULL,NULL,NULL,'中级','服务器','桌面云&会议系统','中级系统运维岗\n兼桌面运维','1.负责中央机房服务器软硬件监控、管理、巡检工作，对设备出现的软件和硬件问题进行诊断和故障排除；\n2.根据业务部门的业务需求负责完成对服务器系统账户管理、文件系统扩容等服务器配置变更工作；\n3.根据生产计划制定服务器PM工作规划，负责服务器PM工作的实施、监督、验收。\n4.视频会议系统维护，公司级视频会议支持；\n5.固定资产管理和维护；\n6.负责桌面云系统管理工作、桌面云系统硬件、软件的监控、管理、巡检；','在岗',NULL,'2018-03-12 00:00:00','2018-03-12 00:00:00',NULL),(26,4,6,'张寅坤',NULL,'男',NULL,NULL,NULL,NULL,NULL,NULL,NULL,'初级','桌面云','服务器&一卡通','初级系统运维岗\n初级系统运维岗','1.负责桌面云系统管理工作、桌面云系统硬件、软件的监控、管理、巡检；\n2.根据业务部门的业务需求负责完成对服务器系统账户管理、文件系统扩容等服务器配置变更工作；\n3.根据生产计划制定服务器PM工作规划，负责服务器PM工作的实施、监督、验收。\n4.安防系统维护，餐饮系统维护；\n5.信息安全管理工作，与保密部协作；\n6.防病毒系统的维护，客户端排查；\n7.负责中央机房服务器软硬件监控、管理、巡检工作，对设备出现的软件和硬件问题进行诊断和故障排除；','在岗',NULL,'2018-03-12 00:00:00','2018-03-12 00:00:00',NULL),(27,4,6,'蔡钊',NULL,'男',NULL,NULL,NULL,NULL,NULL,NULL,NULL,'中级','通讯','一卡通&PC&服务台','中级通讯运维岗\n兼桌面运维','1.负责公司桌面终端计算机维护，包括管理文件修订、电脑日常维护、硬件配置、升级、故障诊断和排除；\n2.负责零部件的更换（辅助维护已过保生产设备计算机）。\n3.程控交换机维护与故障排除；\n4.门禁系统维护；\n5.机房检查巡检','在岗',NULL,'2018-03-12 00:00:00','2018-03-12 00:00:00',NULL),(28,5,7,'刘振',NULL,'男',NULL,NULL,NULL,NULL,NULL,NULL,NULL,'资深','科长',NULL,'科长','1.全面负责B3工厂应用系统科室重大项目及日常工作任务；\n2.负责应用系统用户问题的响应与处理；\n3.组织并推进公司内的ERP流程优化改善；\n4.参与制定及执行ERP系统实施、运维管理标准；\n5.科室年度工作的计划、组织与控制，确保工作目标的达成；\n6.完成科室团队建设及技术能力培养；\n7.协助领导推进部门工作部署；\n8.科室成员轮岗及业务指导；\n9.承接集团及现地交办工作；\n10.完成上级领导交办的其它任务。','在岗',NULL,'2018-03-12 00:00:00','2018-03-12 00:00:00',NULL),(29,5,7,'郝鹏',NULL,'男',NULL,NULL,NULL,NULL,NULL,NULL,NULL,'高级','QM','PP','高级应用系统运维岗','1.负责B3B5 TM1工厂收集用户需求，配合业务部门完成QM相关程序、接口及报表等开发及优化工作；\n2.负责配合业务部门完成业务流程优化，提高相关业务等的自动化、便捷化；\n3.负责对SAP系统QM和PP账号和权限管理，在提供必要权限的基础上规避不必要的权限问题；\n4.提供日常运维和月结支持，协助分析并及时解决用户提出的问题。','在岗',NULL,'2018-03-12 00:00:00','2018-03-12 00:00:00',NULL),(30,5,7,'邹亮',NULL,'男',NULL,NULL,NULL,NULL,NULL,NULL,NULL,'高级','IE',NULL,'高级应用系统运维岗','1.处理B3 B5公司SAP系统IE模块的日常运维工作，确保系统正常运行；\n2.确保每月月结按时完成，并及时解决月结中关务业务出现的问题；\n3.收集用户提出的业务需求，进行分析，并及时解决处理；\n4.结合用户使用情况，不定期组织对本模块的使用人员培训；\n5.针对实际业务中不合理的流程提出改善建议，确定后进行逻辑优化；\n6.完成所负责的ERP项目中IE模块的工作；\n7.负责对SAP系统IE模块账号及权限进行管控，做到业务和系统需求一致。','在岗',NULL,'2018-03-12 00:00:00','2018-03-12 00:00:00',NULL),(31,5,7,'汪雯',NULL,'女',NULL,NULL,NULL,NULL,NULL,NULL,NULL,'中级','FICO','SD','中级应用系统运维岗','1.负责B3工厂SAP系统财务模块日常运维工作，对业务部门用户遇到的问题提供系统技术支持；\n2.负责财务月结年结支持，及时应对结账中出现的相关问题，确保结账的顺利进行；\n3.负责对SAP系统财务模块账号和权限管理，定期对业务部门用户进行系统培训与指导；\n4.负责财务相关（含财务会计、管理会计）的需求收集，针对业务需求变化，负责SAP系统的应对与调整，规范化业务流程；\n5.根据科室年度项目安排，负责或担当财务模块的项目实施。','在岗',NULL,'2018-03-12 00:00:00','2018-03-12 00:00:00',NULL),(32,5,7,'胡伟伟',NULL,'男',NULL,NULL,NULL,NULL,NULL,NULL,NULL,'高级','MM','PLM','高级应用系统运维岗','1.负责对B3工厂SAP系统采购管理和库存管理系统功能的运维，帮助用户解决系统和流程问题；\n2.负责支持仓库和财务月度结账，协助分析和解决遇到的系统问题，确保结账的顺利进行；\n3.负责对厂内业务流程进行持续优化；\n4.负责对流程完整的物料号进行相关主数据的收集并维护进系统，确保数据的准确性；\n5.负责对采购、库房和工厂中有采买需求部门的SAP账号和权限管理；\n6.负责接收用户需求判断合理性后提报至集团二级运维进行相关处理；\n7.负责对用户提供系统相关培训。','在岗',NULL,'2018-03-12 00:00:00','2018-03-12 00:00:00',NULL),(33,5,7,'刘艳红',NULL,'女',NULL,NULL,NULL,NULL,NULL,NULL,NULL,'初级','SD',NULL,'初级应用系统运维岗','1.负责对B3工厂SAP系统销售、出货、RMA系统功能的运维，帮助用户解决系统和流程问题；\n2.负责支持销售、仓库和财务应收月度结账，协助分析和解决遇到的系统问题，确保结账的顺利进行；\n3.负责对厂内业务流程进行持续优化；\n4.负责对销售、成品库等部门的SAP账号和权限管理；\n5.负责客户拜访以及接收用户需求判断合理性后提报至集团二级运维进行相关处理；\n6.负责对用户提供系统相关培训；\n7.完成领导交办的其他事项。','在岗',NULL,'2018-03-12 00:00:00','2018-03-12 00:00:00',NULL),(34,5,8,'顾今',NULL,'男',NULL,NULL,NULL,NULL,NULL,NULL,NULL,'高级','科长',NULL,'科长','工作职责：\n1.负责B3工厂硬件项目的实施，确保项目目标的达成；\n2.负责B3工厂基础应用系统(Officenet等相关系统)）硬件的运维，确保稳定运行；\n3.参与制定及执行基础应用系统及硬件管理标准；\n4.按照集团信息安全与风险规划方案，完成属地工作；\n5.IT基础相关产品的采购执行；\n6.科室年度工作的计划、组织与控制，确保工作目标的达成；\n7.科室日常管理（包括：人员考勤、人员调度等）；\n8.科室成员的培训及业务指导；\n9.完成领导交办的其它任务；\n10.担当本岗位内的安全生产环境、消防和职业健康相关工作。\n管理职责：\n1.根据公司战略和本科室的工作职责，制定和定期完善相应制度，规范与工作流程，经经营会议审定后执行；\n2.根据职责和年度工作重点，提出本科室的组织结构，设计与完善岗位分工；\n3.根据公司的战略与年度方针、目标、重点任务，确定本科室的方针、目标与重点任务，并明确落实到每个员工，并确定明确的）可衡量的目标与期许；\n4.定期对每个人的工作进行细致的评估与考核，并有明确的反馈意见；在工作过程中给予必要的指导与支援；\n5.在评估、考核的基础上提出奖罚建议，以及根据个人职业生涯','在岗',NULL,'2018-03-12 00:00:00','2018-03-12 00:00:00',NULL),(35,5,8,'隋长浩',NULL,'男',NULL,NULL,NULL,NULL,NULL,NULL,NULL,'中级','网络','桌面云','中级网络运维岗','1.起草、完善公司网络的相关管理规定、技术报告书等；\n2.OA、FA、SA网络交换机维护，OA、FA防火墙维护，proxy代理服务器维护；\n3.定制公司网络对外及内部安全策略，对其进行规划；\n4.公司内部网络故障的解决； \n5.维护网络设备密码表和IP地址分配表；\n6.生活区Internet的接入工作；\n7.VPN帐号管理；\n8.对网络的恶意攻击及网络病毒加以防范，保证公司网络安全；\n9.Vendor及协作单位的通信服务支持，协助财务进行相关的费用收取；\n10.厂区和生活区的综合布线系统的维护；\n11.根据公司需要，对网络和相关服务进行开发和扩展；\n12.完成领导交办的其它任务。','在岗',NULL,'2018-03-12 00:00:00','2018-03-12 00:00:00',NULL),(36,5,8,'袁园',NULL,'女',NULL,NULL,NULL,NULL,NULL,NULL,NULL,'高级','服务器','桌面云','高级系统管理岗','1.合肥工厂生产/办公区域所有硬件（含服务器）存储设备等）的运维，保证其不间断服务；\n2.合肥工厂机房所有软硬件系统的监控、备份、故障诊断与处理，保证其稳定运行；\n3.整理每日/每周/每月运行现况报告；\n4.设备履历卡和其他技术文档的管理；\n5.定期/非定期的System PM及报告；\n6.定期/非定期的系统相关培训； \n7.New Project（含生产相关系统）实施过程中硬件环境准备及部署支持；\n8.完成领导交办的其它任务。','在岗',NULL,'2018-03-12 00:00:00','2018-03-12 00:00:00',NULL),(37,5,8,'杨林',NULL,'男',NULL,NULL,NULL,NULL,NULL,NULL,NULL,'中级','服务器','OA','OA中级应用服务岗','1.熟悉Officenet系统C/S和B/S结构各个模块的功能；\n2.Officenet系统C/S和B/S结构客户端和用户的注册，变更和删除；\n3.Officenet系统组织架构的注册）变更和删除；\n4.处理B/S用户在使用中出现的各种问题；\n5.处理工作流技术中出现的各种问题；\n6.处理RTX以及邮箱的使用过程中的各种问题；\n7.按时进行服务器的插件的升级；\n8.进行全公司产线查看的PDF文档软件；\n9.完成领导交办的其它任务。','在岗',NULL,'2018-03-12 00:00:00','2018-03-12 00:00:00',NULL),(38,5,8,'王豹',NULL,'男',NULL,NULL,NULL,NULL,NULL,NULL,NULL,'中级','网络','桌面云','中级网络运维岗','1.起草、完善公司网络的相关管理规定、技术报告书等；\n2.OA、FA、SA网络交换机维护，OA、FA防火墙维护，proxy代理服务器维护；\n3.定制公司网络对外及内部安全策略，对其进行规划；\n4.公司内部网络故障的解决； \n5.维护网络设备密码表和IP地址分配表；\n6.生活区Internet的接入工作；\n7.VPN帐号管理；\n8.对网络的恶意攻击及网络病毒加以防范，保证公司网络安全；\n9.Vendor及协作单位的通信服务支持，协助财务进行相关的费用收取；\n10.厂区和生活区的综合布线系统的维护；\n11.根据公司需要，对网络和相关服务进行开发和扩展；\n12.完成领导交办的其它任务。','在岗',NULL,'2018-03-12 00:00:00','2018-03-12 00:00:00',NULL),(39,5,8,'喻智慧',NULL,'男',NULL,NULL,NULL,NULL,NULL,NULL,NULL,'中级','网络','桌面云','中级网络运维岗','1.起草、完善公司网络的相关管理规定、技术报告书等；\n2.OA、FA、SA网络交换机维护，OA、FA防火墙维护，proxy代理服务器维护；\n3.定制公司网络对外及内部安全策略，对其进行规划；\n4.公司内部网络故障的解决； \n5.维护网络设备密码表和IP地址分配表；\n6.生活区Internet的接入工作；\n7.VPN帐号管理；\n8.对网络的恶意攻击及网络病毒加以防范，保证公司网络安全；\n9.Vendor及协作单位的通信服务支持，协助财务进行相关的费用收取；\n10.厂区和生活区的综合布线系统的维护；\n11.根据公司需要，对网络和相关服务进行开发和扩展；\n12.完成领导交办的其它任务。','在岗',NULL,'2018-03-12 00:00:00','2018-03-12 00:00:00',NULL),(40,5,8,'王美聪',NULL,'男',NULL,NULL,NULL,NULL,NULL,NULL,NULL,'初级','通讯',NULL,'初级IT基础运维岗','1.起草、完善公司通讯的相关管理规定、技术报告书等；\n2.计费系统的管理和维护，每月电话费用的统计和整理；\n3.门禁系统、考勤系统、售餐系统、CCTV系统服务器和客户终端的管理和维护；\n4.会议室设备、电话会议、视频会议的管理和维护，确保公司重大会议进行；\n5.Vendor及协作单位的通信服务支持，协助财务进行相关的费用收取；\n6.生活区有线电视、电话的管理和维护工作；\n7.根据公司需要，对通讯和相关服务进行开发和扩展；\n8.通讯相关系统的合同管理和推进，各项费用的支出管理；\n9.完成领导交办的其它任务。','在岗',NULL,'2018-03-12 00:00:00','2018-03-12 00:00:00',NULL),(41,5,8,'李言光',NULL,'男',NULL,NULL,NULL,NULL,NULL,NULL,NULL,'助理','通讯',NULL,'基础服务技师岗','1.起草、完善公司通讯的相关管理规定、技术报告书等；\n2.语音交换机、电话配线架的日常管理和维护；\n3.计费系统的管理和维护，每月电话费用的统计和整理；\n4.负责电话用户的开通申请、安装和调试，包括对分机号码的管理；\n5.公司电话机房、生活区机房的管理工作；\n6.厂区和生活区的综合布线系统的管理和维护；\n7.根据公司需要，对通讯和相关服务进行开发和扩展；\n8.通讯相关系统的合同管理和推进，各项费用的支出管理；\n9.以巡检的方式现场实时监控公司程控交换机，判断是否出现宕机或停止服务等重大故障；\n10.定期对程控机房、弱电间进行整理；\n11.厂商管理、部门通讯方面的工作汇报；\n12.公司监控系统的管理和维护；\n13.部门科室内部的安全培训；\n14.起草、统计、核实、制定IT科弱电的申请采购计划；\n15.完成领导交办的其它任务。','在岗',NULL,'2018-03-12 00:00:00','2018-03-12 00:00:00',NULL),(42,5,8,'黄兵兵',NULL,'男',NULL,NULL,NULL,NULL,NULL,NULL,NULL,'助理','PC',NULL,'基础服务技师岗','1.编制、修订、完善公司计算机使用管理规定，保证公司办公系统的正常运行；\n2.每月起草、统计、核实、制定各部门计算机的申请采购计划；\n3.及时处理各部门每天发生的计算机及辅助设备（打印机/扫描机/传真机等）的硬件及软件问题，并提出合理化建议来防止或减少此类故障的再次发生；\n4.实时监控公司proxy服务器、Ftp服务器、dns服务器的运行情况，保证公司内部局域网与Internet的高速连接；\n5.实时监测公司网络病毒感染情况，保证公司计算机网络安全、高速传输；\n6.定时公布公司最新病毒感染情况；\n7.兼任固定资产管理员；\n8.完成领导交办的其它任务。','在岗',NULL,'2018-03-12 00:00:00','2018-03-12 00:00:00',NULL),(43,5,8,'吴昆',NULL,'男',NULL,NULL,NULL,NULL,NULL,NULL,NULL,'高级','服务器','桌面云','高级系统管理岗','1.合肥工厂生产/办公区域所有硬件（含服务器）存储设备等）的运维，保证其不间断服务；\n2.合肥工厂机房所有软硬件系统的监控、备份、故障诊断与处理，保证其稳定运行；\n3.整理每日/每周/每月运行现况报告；\n4.设备履历卡和其他技术文档的管理；\n5.定期/非定期的System PM及报告；\n6.定期/非定期的系统相关培训； \n7.New Project（含生产相关系统）实施过程中硬件环境准备及部署支持；\n8.完成领导交办的其它任务。','在岗',NULL,'2018-03-12 00:00:00','2018-03-12 00:00:00',NULL),(44,5,8,'于丽丽',NULL,'女',NULL,NULL,NULL,NULL,NULL,NULL,NULL,'初级','通讯',NULL,'初级IT基础运维岗','1.每月完成通讯岗位运营月报、电话系统管理分析统计报告编写并按时提交；\n2.每月对程控交换机进行备份转储；\n3.B3邮箱账号开通与管理，并及时处理各部门每天发生的BOE邮箱故障；\n4.通讯岗位涉及费用进行相应处理；\n5.大对数表日常信息维护；\n6.每月对科室内员工加班情况、需求收集情况、学习会举办情况进行汇总；\n7.按时对各个岗位提出的变更申请进行审批提交；\n8.兼任需求担当；\n9.兼任质量体系担当；\n10.兼任部分事务员工作（交通费、通讯费报销及报餐）；\n11.完成领导交办的其它任务。','在岗',NULL,'2018-03-12 00:00:00','2018-03-12 00:00:00',NULL),(45,5,8,'徐雅惠',NULL,'男',NULL,NULL,NULL,NULL,NULL,NULL,NULL,'初级','PC','OA','初级IT基础运维岗','1.瘦客户机、显示器、台式机、笔记本发放，资产登记管理；\n2.办公电脑软硬件的维护、送修，报废，IT配件耗材的出入库管理；\n3.域账号变革；\n4.OA邮箱扩容及账号注册；\n5.ITIL项目迁移PC类审批处理；\n6.IT相关文档的整理；\n7.完成领导交办的其它任务。','在岗',NULL,'2018-03-12 00:00:00','2018-03-12 00:00:00',NULL),(46,5,8,'周炜罡',NULL,'男',NULL,NULL,NULL,NULL,NULL,NULL,NULL,'初级','通讯',NULL,'初级IT基础运维岗','1.公司电话机房、生活区机房的管理工作；\n2.厂区和生活区的综合布线系统的管理和维护；\n3.根据公司需要，对通讯和相关服务进行开发和扩展；\n4.定期对程控机房、弱电间进行整理；\n5.厂商管理；\n6.公司监控系统的管理和维护；\n7.完成领导交办的其它任务。','在岗',NULL,'2018-03-12 00:00:00','2018-03-12 00:00:00',NULL),(47,6,9,'徐皛',NULL,'女',NULL,NULL,NULL,NULL,NULL,NULL,NULL,'中级','科长',NULL,'见习副科长','1. 全面负责应用系统科室重大项目及日常工作任务；\n2. 负责B4 应用系统用户问题的响应与处理；\n3. 组织并推进公司内的ERP流程优化改善；\n4. 参与制定及执行ERP系统实施、运维管理标准；\n5. 科室年度工作的计划、组织与控制，确保工作目标的达成；\n6. 完成科室团队建设及技术能力培养；\n7. 协助领导推进部门工作部署；\n8. 科室成员轮岗及业务指导；\n9. 承接集团及现地交办工作；\n10. 完成上级领导交办的其它任务。','在岗',NULL,'2018-03-12 00:00:00','2018-03-12 00:00:00',NULL),(48,6,9,'王富吉',NULL,'男',NULL,NULL,NULL,NULL,NULL,NULL,NULL,'中级','MM','PP','MM中级应用服务岗','1. 负责B4 MM、PP模块新业务流程设计和原有流程优化；\n2. 负责B4 MM、PP模块的日常运维工作，确保系统正常运行；\n3. 负责应用系统在B4推广、深化、培训等工作；\n4. 参与协助B4与MM、PP模块有关的项目及系统规划；\n5. 监控B4 MM、PP模块接口数据执行；\n6. 科室内外审窗口担当；\n7. 完成上级领导交办的其它任务。','在岗',NULL,'2018-03-12 00:00:00','2018-03-12 00:00:00',NULL),(49,6,9,'孙玮玮',NULL,'女',NULL,NULL,NULL,NULL,NULL,NULL,NULL,'初级','IE','QM','IE初级应用服务岗','1. 负责B4 IE、QM模块新业务流程设计和原有流程优化；\n2. 负责B4 IE、QM模块的日常运维工作，确保系统正常运行；\n3. 负责应用系统在B4推广、深化、培训等工作；\n4. 参与协助B4与IE、QM模块有关的项目及系统规划；\n5. 监控B4 IE、QM模块接口数据执行；\n6. 科室预算编制担当；\n7. 完成上级领导交办的其它任务。','在岗',NULL,'2018-03-12 00:00:00','2018-03-12 00:00:00',NULL),(50,6,9,'艾鑫',NULL,'女',NULL,NULL,NULL,NULL,NULL,NULL,NULL,'初级','PP',NULL,'PP初级应用服务岗','1. 负责B4 PP模块新业务流程设计和原有流程优化；\n2. 负责B4 PP模块的日常运维工作，确保系统正常运行；\n3. 负责应用系统在B4推广、深化、培训等工作；\n4. 参与协助B4与PP模块有关的项目及系统规划；\n5. 监控B4 PP模块接口数据执行；\n6. 科室培训窗口担当；\n7. 完成上级领导交办的其它任务。','实习','计划2018.01.10入职','2018-03-12 00:00:00','2018-03-12 00:00:00',NULL),(51,6,9,'向京浩',NULL,'男',NULL,NULL,NULL,NULL,NULL,NULL,NULL,'初级','PM',NULL,'PM初级应用服务岗','1. 负责B4 PM模块新业务流程设计和原有流程优化；\n2. 负责B4 PM模块的日常运维工作，确保系统正常运行；\n3. 负责应用系统在B4推广、深化、培训等工作；\n4. 参与协助B4与PM模块有关的项目及系统规划；\n5. 监控B4 PM模块接口数据执行；\n6. 科室安全管理担当；\n7. 完成上级领导交办的其它任务。','实习','计划2018.01.22入职','2018-03-12 00:00:00','2018-03-12 00:00:00',NULL),(52,6,10,'赵盼辉',NULL,'男',NULL,NULL,NULL,NULL,NULL,NULL,NULL,'高级','科长',NULL,'科长级','1.完成工厂的IT基础建设工作；\n2.工厂 IT硬件（含数据中心、服务器、存储、网络、桌面云、通讯、多媒体、安防等）日常运维，确保稳定运行和稼动率，支撑工厂的办公业务和生产业务；\n3. 按照集团对IT系统的建设和运维规划以及架构推进 IT科的工作开展；\n4. 执行集团各类硬件以及系统的管理标准；\n5. 科室年度KPI、事业计划、预算的制定和管理，确保目标达成；\n6. 科室人才梯队建设以及人才培养和储备；\n7. 科室日常管理，包括人员管理、工作安排、计划监督等；\n8. 完成领导交代的其他任务。','在岗',NULL,'2018-03-12 00:00:00','2018-03-12 00:00:00',NULL),(53,6,10,'马瑞',NULL,'女',NULL,NULL,NULL,NULL,NULL,NULL,NULL,'中级','通讯',NULL,'一卡通系统运维岗(中级)','1.编制、修订、完善公司一卡通使用管理规定、技术报告书等；\n2. 负责对一卡通软硬件的日常监控、巡检、备份、故障诊断等，保证公司一卡通系统的正常运行；\n3.维护和管理一卡通软件系统，对其他部门在用的一卡通系统时出现的问题进行技术支持：\n4.开通员工卡消费权限，以及员工卡挂失与解挂、注销；员工卡门禁和通道闸权限的开通及注销等； \n5. 整理每月运行现况报告，输出一卡通系统月报；\n6. 制作设备履历卡和相关技术文档的管理；\n7.根据公司需要，对相关服务进行开发和扩展；\n8.保证公司一卡通系统稳定运行并对其进行规划；\n9.完成领导交办的其它任务；\n10.协助桌面云及计算机运维业务。','在岗',NULL,'2018-03-12 00:00:00','2018-03-12 00:00:00',NULL),(54,6,10,'武岳',NULL,'男',NULL,NULL,NULL,NULL,NULL,NULL,NULL,'中级','网络',NULL,'网络运维岗（中级）','1.编制、修订、完善公司网络相关的使用管理规定、技术报告书等；\n2. 负责网络系统架构设计，熟悉全网网络核心、汇聚、接入等各层级的部署与实现方式；\n3. 负责现地OA、FA网络项目建设、升级、改造、优化、割接等相关工作；\n4. 保障网络稼动稳定，对网络运维、网络调试、信息安全、重大故障处理有清晰的思路及方法；\n5. 熟悉各主流设备厂商的硬件参数规格、软件系统等；\n6. 熟悉网络项目管理及项目推进中涉及的各个环节；\n7. 对网络设备性能及稳定指标实时监控分析，排除隐患，确保稳定；\n8.负责公司安全网关设备管理调试（负载均衡、防火墙、代理服务器）；\n9.负责公司网络设备（路由器、交换机）管理调试维护；\n10.负责公司网络实施方案的规划设计、网络割接及网络改造变更实施；\n11.负责公司无线的管理（AC控制器、AP及IMC管理服务器等）；\n12.负责公司弱电施工改造及桌面基础运维；\n13.负责B4属地AD域系统用户的建立，用户权限的分配；负责实施并下发组策略；负责处理用户故障处理；\n14.负责B4属地北信源桌面安全软件的运行维护；用户权限的分配；安全策略的实施和部署；\n15.负责B4属地信息安','在岗',NULL,'2018-03-12 00:00:00','2018-03-12 00:00:00',NULL),(55,6,10,'代洋',NULL,'男',NULL,NULL,NULL,NULL,NULL,NULL,NULL,'初级','桌面云',NULL,'桌面云运维（初级）','1.工厂所有桌面云系统（含服务器、存储设备、服务虚拟化、桌面虚拟化等）的运维；\n2.工厂所有桌面云软、硬件系统的监控、备份、故障诊断与处理；\n3.桌面云模版制作、桌面云账号创建、应用发布软件安装；\n4.桌面云服务器硬件运维，Window组件，服务器虚拟化，桌面虚拟化组件运维;\n5.用户桌面云资源的优化调整；\n6. 桌面云运行情况报告，桌面云设备履历卡和桌面云技术文档的管理；\n7.定期/非定期的桌面云相关培训； \n8.桌面云系统扩容评估及实施；\n9.完成领导交办的其它任务；\n10.协助通讯管理、计算机运维业务。','在岗',NULL,'2018-03-12 00:00:00','2018-03-12 00:00:00',NULL),(56,6,10,'薛诚锴',NULL,'男',NULL,NULL,NULL,NULL,NULL,NULL,NULL,'高级','PC',NULL,'PC运维岗（高级）','1. 根据集团/公司计算机管理规定，审核用户计算机及IT配件申请、更换需求；\n2.管理计算机及IT配件的存放领用流程，监控其数量，及时补充库存以满足日常使用；\n3. 根据用户需求制订并执行计算机采购计划，直至交付用户；\n4.管理公用笔记本、出国出差笔记本、借用机、保密机等资产的使用；\n5.即时或定期和发生资产变动的关联部门交接固定资产变更信息；\n6.及时处理各部门用户日常计算机软硬件故障，帮助用户配置辅助设备，如打印机、扫描机、传真机等；\n7.提供安全可控的FTP、文件共享等方式满足用户办公需要；\n8.监测公司病毒感染情况并加以处理，包括杀毒和安装补丁等，保证公司计算机安全；\n9.严格遵守信息安全规定处理用户硬盘和数据，发现违反规定的用户终端予以改正；\n10.负责程控交换系统，保障B4、S2程控交换系统每月稳定率>=99.93%；\n11.负责B4广播系统维护，保障B4广播系统稳定运行；\n12.负责电话、视频会议支持，保障公司电话、视频会议正常运行；\n13. 负责工厂资产发放、回收、入库、报修等工作，对各部门资产配额及使用人管理；\n14. 负责工厂资产年中、年底盘点，掌握资产使用、资产盘','在岗',NULL,'2018-03-12 00:00:00','2018-03-12 00:00:00',NULL),(57,6,10,'吴超',NULL,'男',NULL,NULL,NULL,NULL,NULL,NULL,NULL,'中级','通讯',NULL,'邮件管理运维岗（中级）','1.BOE-B4 邮箱 用户新建与注销及时；账户密码重置及时；检查服务器连接状态正常；客户端与服务器正常通信；用户支持\n2.B4桌面云项目各阶段设计与管理工作，后期管理与运维；\n3.信息安全-AD域相关工作；\n4.信息安全-KAV卡巴斯基反病毒防护系统相关工作；\n5.服务器每月稳定运行；确保病毒库保持最新，按时策略更新调试；确保用户系统高安全性；\n6.门禁系统、考勤系统、售餐系统服务器和客户终端的管理和维护；\n7.部门学习会资料与工作月报编写上传工作； \n8.B4弱电与桌面运维工作；\n9.B4信管部IT科内控自查工作； \n10.B4信管部IT科文档撰写与编辑工作；\n11.CIO、部门KM系统管理员、集团保密部保密员、集团内外审内控管理迎审员、预算编制担当、部门归档等工作；\n11.新员工的培训工作；\n12.工厂桌面云系统存储设备的管理与运维；\n13.完成领导交代的其他工作；\n14.协助信息安全、计算机运维、一卡通的业务。','在岗',NULL,'2018-03-12 00:00:00','2018-03-12 00:00:00',NULL),(58,6,10,'张晓伟',NULL,'男',NULL,NULL,NULL,NULL,NULL,NULL,NULL,'高级','弱电',NULL,'安防系统维护（高级）','1.起草、完善公司安防系统的相关管理规定、技术报告书等；\n2.安防系统的管理与维护；日常的巡检；编写每月运行现况报告；\n3.保证公司安防系统稳定运行并对其进行规划；\n4.公司内部安防设备故障的维修；\n5.维护安防设备表和IP地址分配表；\n6.系统帐号管理和分配；\n7.完成公司内安防设备的新增、更换、调整，可随时调用、查询监控视频；\n8.安防网络的管理、运维与规划；\n9.根据公司需要，对相关服务进行开发和扩展；\n10.完成领导交办的其它任务；\n11.协助网络管理、计算机运维业务。','在岗',NULL,'2018-03-12 00:00:00','2018-03-12 00:00:00',NULL),(59,6,10,'孔秀志',NULL,'男',NULL,NULL,NULL,NULL,NULL,NULL,NULL,'初级','会议系统',NULL,'会议系统运维岗（初级）','1.起草、完善公司视频会议相关管理规定、技术报告书等；\n2.负责视频会议的音频、视频、同传、提词器、摄像机等各类IT设备；\n3.负责会议系统的管理与维护；\n4.负责大型演出及综合楼音视频的维护及保障；\n5.负责网真系统的维护及保障；\n6.完成领导交办的其他工作任务；\n7.协助计算机维护及安防系统业务。','在岗',NULL,'2018-03-12 00:00:00','2018-03-12 00:00:00',NULL),(60,6,10,'许远方',NULL,'男',NULL,NULL,NULL,NULL,NULL,NULL,NULL,'中级','网络',NULL,'网络运维岗（中级）','1.编制、修订、完善公司网络相关的使用管理规定、技术报告书等；\n2. 负责网络系统架构设计，熟悉全网网络核心、汇聚、接入等各层级的部署与实现方式；\n3. 负责现地OA、FA网络项目建设、升级、改造、优化、割接等相关工作；\n4. 保障网络稼动稳定，对网络运维、网络调试、信息安全、重大故障处理有清晰的思路及方法；\n5. 熟悉各主流设备厂商的硬件参数规格、软件系统等；\n6. 熟悉网络项目管理及项目推进中涉及的各个环节；\n7. 对网络设备性能及稳定指标实时监控分析，排除隐患，确保稳定；\n8.负责公司安全网关设备管理调试（负载均衡、防火墙、代理服务器）；\n9.负责公司网络设备（路由器、交换机）管理调试维护；\n10.负责公司网络实施方案的规划设计、网络割接及网络改造变更实施；\n11.负责公司无线的管理（AC控制器、AP及IMC管理服务器等）；\n12.负责公司弱电施工改造及桌面基础运维；\n13.负责B4属地AD域系统用户的建立，用户权限的分配；负责实施并下发组策略；负责处理用户故障处理；\n14.负责B4属地北信源桌面安全软件的运行维护；用户权限的分配；安全策略的实施和部署；\n15.负责B4属地信息安','在岗',NULL,'2018-03-12 00:00:00','2018-03-12 00:00:00',NULL),(61,6,10,'韩玉鹏',NULL,'男',NULL,NULL,NULL,NULL,NULL,NULL,NULL,'初级','PC',NULL,'资产管理岗（初级）','1. 负责工厂资产发放、回收、入库、报修等工作，对各部门资产配额及使用人管理；\n2. 负责工厂资产年中、年底盘点，掌握资产使用、资产盘亏盘盈等情况；\n3. 熟悉系统线上关于资产投资采购、PR、PO等流程和操作；\n4. 负责IT类资产的预算编制、预算使用、成本核销等相关工作；\n5. 了解与财务接口工作及资产管理制度，熟悉资产管理、预算费用管控等相关制度工作；\n6. 协助各业务负责人，对IT类资产耗材、配件、备件做相应的管理；\n7. 对工厂IT类资产的购置、审核评估、管控等合理性的规划及管控；\n8. 熟悉ERP、资产系统、OA等各类管理系统；\n9.完成领导交办的其他工作任务；\n10.协助计算机维护业务。','在岗',NULL,'2018-03-12 00:00:00','2018-03-12 00:00:00',NULL),(62,7,11,'杜俊雅',NULL,'女',NULL,NULL,NULL,NULL,NULL,NULL,NULL,'高级','科长',NULL,'科长','1.全面负责B5和TM1工厂属地应用系统重大项目建设及日常运维、需求收集；\n2.组织并推进公司内的ERP流程优化改善；\n3.参与制定及执行ERP系统实施、运维管理标准；\n4.科室年度工作的计划、组织与控制，确保工作目标的达成；\n5.完成科室团队建设及技术能力培养、轮岗等\n6.协助领导推进部门工作部署；\n7.承接集团及现地交办工作；\n8.完成上级领导交办的其它任务。','在岗',NULL,'2018-03-12 00:00:00','2018-03-12 00:00:00',NULL),(63,7,11,'潘勇',NULL,'男',NULL,NULL,NULL,NULL,NULL,NULL,NULL,'初级','FICO',NULL,'FICO高级应用系统运维岗','1.负责B5和TM1工厂SAP系统财务模块日常运维工作，对业务部门用户遇到的问题提供系统技术支持；\n2.负责财务月结年结支持，及时应对结账中出现的相关问题，确保结账的顺利进行；\n3.负责对SAP系统财务模块账号和权限管理，定期对业务部门用户进行系统培训与指导；\n4.负责财务相关（含财务会计、管理会计）的需求收集，针对业务需求变化，负责SAP系统的应对与调整，规范化业务流程；\n5.根据科室年度项目安排，负责或担当财务模块的项目实施。','在岗',NULL,'2018-03-12 00:00:00','2018-03-12 00:00:00',NULL),(64,7,11,'徐文静',NULL,'女',NULL,NULL,NULL,NULL,NULL,NULL,NULL,'中级','MM',NULL,'MM中级应用系统运维岗','1.负责B5工厂SAP系统采购管理和库存管理系统功能的运维，帮助用户解决系统和流程问题；\n2.负责支持仓库和财务月度结账，协助分析和解决遇到的系统问题，确保结账的顺利进行；\n3.负责对厂内业务流程进行持续优化；\n4.负责对流程完整的物料号进行相关主数据的收集并维护进系统，确保数据的准确性；\n5.负责对采购、库房和工厂中有采买需求部门的SAP账号和权限管理；\n6.负责接收用户需求判断合理性后提报至集团二级运维进行相关处理；\n7.负责对用户提供系统相关培训。','在岗',NULL,'2018-03-12 00:00:00','2018-03-12 00:00:00',NULL),(65,7,11,'刘岸',NULL,'男',NULL,NULL,NULL,NULL,NULL,NULL,NULL,'中级','其他（PLM，MDM等）','PP','PLM初级应用系统运维岗','1.做好B3现地PLM业务支援，第一时间解决用户使用PLM时遇到的问题，并做好汇总、分析，提升用户对PLM的满意度；\n2.针对现地PLM运行实际，积极推进PLM在文件管理、物料管理、BOM管理、变更管理等模块的深入使用；\n3.结合现地业务，协助集团PLM推动系统的标准化工作，将现地与集团的PLM业务有机融合，共同促进；\n4.接收现地用户的新需求，检讨系统实现可能性，并最终落地；\n5.定期进行现地工厂的PLM培训和宣讲，提升用户的系统操作技能和对系统的认知度；\n6.积极参加业务部门召集的问题讨论会，给出系统化、专业化的解决方案；\n7.定期与科室其他同事进行业务交流和学习；\n8.领导交办的其他事项。','在岗',NULL,'2018-03-12 00:00:00','2018-03-12 00:00:00',NULL),(66,7,11,'陈军伟',NULL,'男',NULL,NULL,NULL,NULL,NULL,NULL,NULL,'中级','其他（PLM，MDM等）','MM','PLM高级应用系统运维岗','1.做好B5 TM1工厂现地PLM业务支援，第一时间解决用户使用PLM时遇到的问题，并做好汇总、分析，提升用户对PLM的满意度；\n2.针对现地PLM运行实际，积极推进PLM在文件管理、物料管理、BOM管理、变更管理等模块的深入使用；\n3.结合现地业务，协助集团PLM推动系统的标准化工作，将现地与集团的PLM业务有机融合，共同促进；\n4.接收现地用户的新需求，检讨系统实现可能性，并最终落地；\n5.定期进行现地工厂的PLM培训和宣讲，提升用户的系统操作技能和对系统的认知度；\n6.积极参加业务部门召集的问题讨论会，给出系统化、专业化的解决方案；\n7.定期与科室其他同事进行业务交流和学习；\n8.领导交办的其他事项。','在岗',NULL,'2018-03-12 00:00:00','2018-03-12 00:00:00',NULL),(67,7,11,'鲍秉杨',NULL,'男',NULL,NULL,NULL,NULL,NULL,NULL,NULL,'初级','PP',NULL,'PP初级应用系统运维岗','1.监控B5公司SAP系统生产计划与执行使用状况，确保生产系统稳定运行；\n2.负责对日常生产业务中的数据异常问题点，对系统进行检查分析，并测试和调试，给出解决方案和必要的改善工作；\n3.收集用户需求，配合业务部门完成程序、接口及报表等的系统设计、开发、测试及上线运行等工作；\n4.配合业务部门完成生产流程优化、推进实施工作，并对公司月度结账提供技术支援；\n5.负责对SAP系统生产模块账号和权限管理，定期对业务用户进行系统培训、指导。','在岗',NULL,'2018-03-12 00:00:00','2018-03-12 00:00:00',NULL),(68,7,12,'侍天航',NULL,'男',NULL,NULL,NULL,NULL,NULL,NULL,NULL,'高级','科长','信息安全','副科长','工作职责：\n1.负责B5&TM1&卓印工厂硬件项目的实施，确保项目目标的达成；\n2.负责B5&TM1&卓印工厂基础应用系统（Officenet等相关系统）硬件的运维，确保稳定运行；\n3.参与制定及执行基础应用系统及硬件管理标准；\n4.按照集团信息安全与风险规划方案，完成属地工作；\n5.IT基础相关产品的采购执行；\n6.科室年度工作的计划，组织与控制，确保工作目标的达成；\n7.科室日常管理（包括：人员考勤、人员调度等）；\n8.科室成员的培训及业务指导；\n9.完成领导交办的其它任务；\n10.担当本岗位内的安全生产环境、消防和职业健康相关工作。\n管理职责：\n1.根据公司战略和本科室的工作职责，制定和定期完善相应制度、规范与工作流程，经经营会议审定后执行；\n2.根据职责和年度工作重点，提出本科室的组织结构，设计与完善岗位分工；\n3.根据公司的战略与年度方针、目标、重点任务，确定本科室的方针、目标与重点任务，并明确落实到每个员工，并确定明确的、可衡量的目标与期许；\n4.定期对每个人的工作进行细致的评估与考核，并有明确的反馈意见；在工作过程中给予必要的指导与支援；\n5.在评估、考核的基础上提出奖罚','在岗',NULL,'2018-03-12 00:00:00','2018-03-12 00:00:00',NULL),(69,7,12,'徐志明',NULL,'男',NULL,NULL,NULL,NULL,NULL,NULL,NULL,'高级','桌面云','信息安全','高级系统管理岗','1.桌面云整体架构运维（软件&服务器硬件）；\n2.桌面云AD账号创建&维护；\n3.应用发布桌面云程序；\n4.发布win7桌面给用户；\n5.杀毒软件运行维护；\n6.VDI用户WIN7模板搭建；\n7.桌面云数据库截断工作；\n8.桌面云常见问题解决。','在岗',NULL,'2018-03-12 00:00:00','2018-03-12 00:00:00',NULL),(70,7,12,'李雨',NULL,'女',NULL,NULL,NULL,NULL,NULL,NULL,NULL,'高级','服务器','OA','高级应用服务岗','1.负责公司OA日常的运行、维护、管理工作，解决运行过程中遇到的问题；\n2.确保OA系统的安全与稳定；\n3.负责公司OA整体功能和界面的用户满意度提升；\n4.负责新需求调研、确认、开发、测试、优化的工作。\n5.B5&TM1 CIM存储设备及系统运维，监测存储IOPS性能等；\n6.B5&TM1 CIM服务器设备及系统运维，监控服务器性能及运行状态。','在岗',NULL,'2018-03-12 00:00:00','2018-03-12 00:00:00',NULL),(71,7,12,'王雄',NULL,'男',NULL,NULL,NULL,NULL,NULL,NULL,NULL,'初级','一卡通','弱电','初级IT基础运维岗','1.负责一卡通办理、更换、注销、门禁权限开通、消费系统运维等一系列与一卡通相关的问题；\n2.负责TM1和B5小栋号的弱电工作。','在岗',NULL,'2018-03-12 00:00:00','2018-03-12 00:00:00',NULL),(72,7,12,'李冬',NULL,'男',NULL,NULL,NULL,NULL,NULL,NULL,NULL,'中级','网络','弱电','中级网络运维岗','1.B5&TM1&卓印网络设备(交换机、防火墙、上网行为管理等)及网络运维；\n2.B5&TM1&卓印配套区CCTV、IPTV系统维护、弱电及通讯系统维护，厂区一号楼弱电系统建设与维护；\n3.部门安全员、部门学习会；\n4.F1项目网络对应；\n5.卓印网络建设与维护；\n6.B5及TM1无线系统管理及维护；    \n7.确保网络通信传输畅通，实时监控整个局域网的运转和网络通信流量情况：\n8.掌握用户端接入设备的情况，管理网络内用户需要变更位置和部门的情况。','在岗',NULL,'2018-03-12 00:00:00','2018-03-12 00:00:00',NULL),(73,7,12,'高佳佳',NULL,'女',NULL,NULL,NULL,NULL,NULL,NULL,NULL,'初级','网络','弱电','初级网络运维岗','1.B5网络设备(交换机、防火墙、上网行为管理等)及网络运维；\n2.确保网络通信传输畅通，实时监控整个局域网的运转和网络通信流量情况：\n3.掌握用户端接入设备的情况，管理网络内用户需要变更位置和部门的情况；\n4.管理IP的分配及回收，上网权限的管控，以及日常网络问题的解决；\n5.B5及TM1无线系统管理及维护；\n6.B5厂区3号楼弱电运维。','在岗',NULL,'2018-03-12 00:00:00','2018-03-12 00:00:00',NULL),(74,7,12,'赵园泉',NULL,'男',NULL,NULL,NULL,NULL,NULL,NULL,NULL,'初级','桌面云','PC','初级系统管理岗','1.处理常见的桌面云相关问题，包括登录异常，软件异常，故障排除；\n2.瘦客户机、显示器、台式机、笔记本回收与发放，IT资产登记管理；\n3.办公电脑软硬件的维护、送修，IT配件耗材的出入库管理；\n4.桌面云存储系统维护与管理，故障处理与资源调度，性能监控与优化；\n5.共享文件夹，ftp权限的管控，数据文件备份、迁移与恢复；                            \n6.信息安全管理员，负责办公电脑端口权限管控，配合保密部进行信息安全检查。','在岗',NULL,'2018-03-12 00:00:00','2018-03-12 00:00:00',NULL),(75,7,12,'桑正',NULL,'男',NULL,NULL,NULL,NULL,NULL,NULL,NULL,'初级','服务器','桌面云','初级系统管理岗','1.处理常见的桌面云相关问题，包括登录异常，软件异常，故障排除；\n2.瘦客户机、显示器、台式机、笔记本回收与发放，IT资产登记管理；\n3.办公电脑软硬件的维护、送修，IT配件耗材的出入库管理；\n4.桌面云存储系统维护与管理，故障处理与资源调度，性能监控与优化；\n5.共享文件夹，ftp权限的管控，数据文件备份、迁移与恢复；                            \n6.信息安全管理员，负责办公电脑端口权限管控，配合保密部进行信息安全检查；\n7.部门事务员；\n8.B5&TM1 CIM存储设备及系统运维，监测存储IOPS性能等；\n9.B5&TM1 CIM服务器设备及系统运维，监控服务器性能及运行状态。','在岗',NULL,'2018-03-12 00:00:00','2018-03-12 00:00:00',NULL),(76,7,12,'陈薇',NULL,'女',NULL,NULL,NULL,NULL,NULL,NULL,NULL,'初级','通讯',NULL,'初级IT基础运维岗','1.PBX机房日常维护；\n2.安防系统、一卡通建设与维护，厂区监控，周界红外，门禁，消费，考勤，通道闸，车辆进出远距离读卡等系统新增项目施工管理以及日常运维等；\n3.日常IT耗材以及办公电脑等采购，收集用户的采购需求，统一提交给采购部门进行采购；   \n4.宽带、固话等费用的整理、结算；\n5.B5&TM1&卓印公司邮箱账号开通与管理。                                                           ','在岗',NULL,'2018-03-12 00:00:00','2018-03-12 00:00:00',NULL),(77,7,12,'高磊',NULL,'男',NULL,NULL,NULL,NULL,NULL,NULL,NULL,'中级','通讯',NULL,'中级IT基础运维岗','1.厂区2号楼弱电管理以及日常运维，厂区和生活区弱电施工工程师指令下发，工程量审核，费用结算等工作；\n2.合肥京东方卓印项目弱电和网络等系统建设；             \n3.IP电话和模拟电话系统日常运维，电话会议支持等；                                                          \n4.日常IT耗材以及办公电脑等采购，收集用户的采购需求，提交采购PR；                                                                                     \n5.部门预算统计以及预算编写等； \n6.宽带、固话等费用结算，日常与运营商业务沟通协作；   \n7.厂区手机信号维护；\n8.多媒体会议系统以及视频会议系统日常运维协助，日常重大会议现场支援；     \n9.安防系统、一卡通建设与维护，多媒体会议系统以及视频会议系统日常运维协助等；\n10.人脸识别项目、车辆进出管理系统等技术支持以及现场测试等。','在岗',NULL,'2018-03-12 00:00:00','2018-03-12 00:00:00',NULL),(78,7,12,'汪洋',NULL,'男',NULL,NULL,NULL,NULL,NULL,NULL,NULL,'助理','会议系统','通讯','基础服务技师岗','1.多媒体会议系统以及视频会议系统日常运维协助，日常重大会议现场支援；      \n2.电话、小灵通的安装、发放、管理与维护；\n3.统一通信系统、在线会议系统等的构建、管理与维护；      \n4.CIM、PBX机房日常巡检；\n5.B5生活区配套区CCTV、IPTV系统维护。','在岗',NULL,'2018-03-12 00:00:00','2018-03-12 00:00:00',NULL),(79,7,12,'陈光义',NULL,'男',NULL,NULL,NULL,NULL,NULL,NULL,NULL,'助理','桌面云','PC','助理基础服务岗','1.桌面云整体架构运维（软件&服务器硬件）；\n2.桌面云AD账号创建&维护；\n3.应用发布桌面云程序；\n4.发布win7桌面给用户；\n5.杀毒软件运行维护；\n6.VDI用户WIN7模板搭建；\n7.桌面云数据库截断工作；\n8.桌面云常见问题解决。','在岗',NULL,'2018-03-12 00:00:00','2018-03-12 00:00:00',NULL),(80,7,12,'霍熠',NULL,'男',NULL,NULL,NULL,NULL,NULL,NULL,NULL,'初级','PC','弱电','初级IT基础运维岗','1.信息安全管理主要包括笔记本加域安元安装，策略下发等；\n2.瘦客户机、显示器、台式机、笔记本发放，资产登记管理；\n3.PC及笔记本维护。','在岗',NULL,'2018-03-12 00:00:00','2018-03-12 00:00:00',NULL),(81,7,12,'张晴宇',NULL,'男',NULL,NULL,NULL,NULL,NULL,NULL,NULL,'初级','通讯','会议系统','初级IT基础运维岗','1.多媒体会议系统以及视频会议系统日常运维协助，日常重大会议现场支援；      \n2.电话、小灵通的安装、发放、管理与维护；\n3.统一通信系统、在线会议系统等的构建、管理与维护；      \n4.CIM、PBX机房日常巡检；\n5.B5生活区配套区CCTV、IPTV系统维护。','在岗',NULL,'2018-03-12 00:00:00','2018-03-12 00:00:00',NULL),(82,8,13,'杨建平',NULL,'男',NULL,NULL,NULL,NULL,NULL,NULL,NULL,'高级','科长',NULL,'科长级','1.构建及维护现有应用系统，设计和展望未来系统架构；\n2.统筹及规划公司与应用系统相关的业务流程，并依据实际业务发展需求组织并实施应用系统项目进行优化及改善；\n3.针对具体的优化或改善项目，对BPO进行指导及工作安排，并在项目过程实施监控和必要的协助；\n4.建立有效工作模式，形成主动联系内部客户、分析客户需求、制定解决方案并予以实施的项目工作模式，实现系统应用的持续改善。\n5.做好人才梯队建设、人才确保工作；\n6.做好团队建设，确保员工的有效激励和培训，提高下属的满意度，打造一支有战斗力的队伍；\n7.为使用应用系统的各部门的相关职员，进行系统培训，整理制作相关培训文档以及知识信息备份工作；\n8.科室日常管理（包括：人员考勤、人员调度等）；\n9.科室年度工作的计划、组织与控制，确保工作目标的达成；\n10.协调应用系统三级运维工作、处理属地业务问题，确保应用系统稳定运行、数据安全及业务的顺利开展。','在岗',NULL,'2018-03-12 00:00:00','2018-03-12 00:00:00',NULL),(83,8,13,'张溱雪',NULL,'女',NULL,NULL,NULL,NULL,NULL,NULL,NULL,'初级','MM',NULL,'MM初级应用服务岗','1.维护B6ERP系统的稳定，确保系统正常运行；\n2.确保相关业务在系统中进行正确地数据录入与记录，并保证数据的准确性；\n3.接收并分析业务部门提出的需求，对于可以解决的问题及时处理，不能自行解决的，逐级上报给集团进行处理；并反馈业务部门；\n4.不定期的对本模块的使用人员进行相关培训，制作相关培训文档以及知识信息备份工作，及时更新、完善MM模块的相关文档，使文档信息准确、完整；\n5.改善和优化客户化系统(程序)的性能，提高系统程序的性能，以满足业务需求；\n6.确保个人工作目标的如期达成并及时反馈；\n7.定期汇报工作成果（包含周报、月报、项目报告等文件）；\n8.参加公司或部门组织的个人能力提升学习会、报告会、交流会等活动，与同事进行有效沟通，拓展业务关系，提高工作效率；\n9.组织部门活动，定期反馈部门活动统计积分及赛程结果；\n10.完成领导交办的其它任务。','在岗',NULL,'2018-03-12 00:00:00','2018-03-12 00:00:00',NULL),(84,8,13,'孙震',NULL,'男',NULL,NULL,NULL,NULL,NULL,NULL,NULL,'中级','SD','QM','SD&QM高级应用服务岗','1.建立有效工作模式，形成主动联系内部客户、分析客户需求、制定解决方案并予以实施的 项目工作模式，实现系统改善；\n2.解决建模和流程规划工作中的问题，维护公司ERP系统的稳定，确保系统正常运行；\n3.解决所担当模块的系统问题，及实际业务中发生的例外和复杂问题,确保公司业务顺利开展 ，确保相关业务在系统中进行正确地数据录入与记录，并保证数据的准确性；\n4.能够独立组织及开展项目，通过项目实施，对运营不善的业务流程进行分析，制定优化改 善方案并予以执行；\n5.确保按计划完成SD&QM模块月结，协助解决推进月结相关问题；\n6.接收并分析业务部门提出的需求，对于可以解决的问题及时处理，不能自行解决的，逐级 上报给集团进行处理；\n7.不定期的对本模块的使用人员进行相关培训，制作相关培训文档以及知识信息备份工作；\n8.不定期的对本模块权限梳理，对模块权限review，建立权限文档；','在岗',NULL,'2018-03-12 00:00:00','2018-03-12 00:00:00',NULL),(85,8,13,'邬鑫',NULL,'男',NULL,NULL,NULL,NULL,NULL,NULL,NULL,'中级','PP','IE',' \nPP&IEB高级应用服务岗\n','1.负责ERP PP & IE模块日常运维，指导协助用户正确高效的使用ERP进行业务操作；\n2.确保按计划顺利完成生产月结，每月协助生管和制造月结，解决月结过程中遇到的问题；\n3.负责业务流程规范化、标准化的推行与实施， 熟悉公司生产和物流关务相关的业务操作流程和业务需求，配合业务开展工作；\n4.进行ERP系统业务数据和接口的日常检查和纠正，负责系统数据完整性、正确性、实时性的确保；\n5.负责对应新增业务需求和流程的逻辑梳理、系统搭建，给出基于实际业务和系统的建议方案；\n6.不定期的对本模块的使用人员进行相关培训，制作相关培训文档以及知识信息备份工作；\n7.对系统进行优化调整，确保系统高效稳定的满足用户需要；\n8.负责承接CIO、现地和部门的相关项目实施，按照各项项目目标和计划，完成项目任务。\n9.按时完成部门日常性和领导交办的其他工作。','在岗',NULL,'2018-03-12 00:00:00','2018-03-12 00:00:00',NULL),(86,8,13,'田雪峰',NULL,'女',NULL,NULL,NULL,NULL,NULL,NULL,NULL,'中级','FICO',NULL,'FICO中级应用服务岗','1.协助业务部门对业务进行梳理并对系统和业务进行不断创新；\n2.统筹及规划公司与应用系统相关的业务流程，并依据实际业务发展需求组织并实施应用系统项目进行优化及改善；\n3.建立有效工作模式，形成主动联系内部客户、分析客户需求、制定解决方案并予以实施的项目工作模式，实现系统应用的持续改善；\n4.维护公司ERP系统的稳定，确保系统正常运行；\n5.确保相关业务在系统中进行正确地数据录入与记录，并保证数据的准确性；\n6.确保每月月结时系统数据的准确性并顺利完成月结；\n7.接收并分析业务部门提出的需求，对于可以解决的问题及时处理，不能自行解决的，逐级上报给集团进行处理；\n8.不定期的对本模块的使用人员进行相关培训，制作相关培训文档以及知识信息备份工作。','在岗',NULL,'2018-03-12 00:00:00','2018-03-12 00:00:00',NULL),(87,8,14,'李鹏程',NULL,'男',NULL,NULL,NULL,NULL,NULL,NULL,NULL,'高级','科长','网络','科长级','1.负责B6 IT业务系统项目的实施，确保项目目标达成；\n2.负责B6 IT各系统、硬件的运维，确保稳定运行；\n3.参与制定及执行IT系统及硬件管理标准；\n4.按照集团信息安全与风险规划方案，完成属地工作；\n5.IT基础相关产品的采购执行及规范化管理、预算编制等工作；\n6.科室年度工作的计划、组织与控制，确保工作目标的达成；\n7.科室日常管理（包括：项目实施、工作分配、人才培养、考勤等）；\n8.科室成员的培训及业务指导；\n9.IT团队的建设与管理。 ','在岗',NULL,'2018-03-12 00:00:00','2018-03-12 00:00:00',NULL),(88,8,14,'王凯',NULL,'男',NULL,NULL,NULL,NULL,NULL,NULL,NULL,'中级','网络','信息安全','网络中级IT基础运维岗','1.负责B6现地生产网运维，保证生产网络稳定，CIM及生技部门业务连续；\n2.保证包含产线交换机、生产防火墙等基础设施运维、故障处理及需求应对；\n3.负责审核生产网络接入权限及各类信息安全业务新需求等例外权限；\n4.日常巡检及问题解决、业务流程梳理、生产网络优化、权限管控调整等工作；\n5.负责网络管理平台的上线工作，包括测试、选型、调试、后期维护等；\n6.负责B6现地项目期的网络相关建设工作；\n7.参与B6工厂AD域账号管理；\n8.参与B6工厂信息安全建设、实施集团下发的相关信息安全要求；\n9.负责运营商室分、宽带项目入厂建设事宜，保证运营商手机信号正常使用，宽带无中断，并收取用电费用，节约现地运营成本。','在岗',NULL,'2018-03-12 00:00:00','2018-03-12 00:00:00',NULL),(89,8,14,'梁亚东',NULL,'男',NULL,NULL,NULL,NULL,NULL,NULL,NULL,'中级','网络','PC','网络中级IT基础运维岗','1.负责B6现地办公网运维，保证内部网络及与其他属地网络连接正常稳定，包含办公网交换机、认证系统、办公防火墙、IT监控平台、上网行为管理等基础设施运维、故障处理及需求应对；\n2.负责B6现地VPN账号注册、延期及权限审计等；\n3.参与其他属地于B6现地的临时驻厂协助工作，包括但不限于网络协助、权限分配等；\n4.日常巡检及问题解决、业务流程梳理、办公网络优化、权限管控调整等工作；\n5.参与网络管理平台的上线工作，包括测试、选型、调试、后期维护等；\n6.负责B6工厂电脑、打印机等IT电子产品的维护和修理；\n7.负责公司IT系统的开发、测试、部署和上线工作。','在岗',NULL,'2018-03-12 00:00:00','2018-03-12 00:00:00',NULL),(90,8,14,'温婉',NULL,'女',NULL,NULL,NULL,NULL,NULL,NULL,NULL,'中级','服务器','PC&资产预算&OA','资产预算&邮件高级IT基础运维岗','1.管理控制IT类资产、配件耗材投资和费用预算执行；\n2.负责IT类资产管理、规范（台账管理、内部调配、入离职等）；\n3.负责库房管理、资产盘点；\n4.负责集团IT固定资产管理系统项目的需求分析、系统前端开发、测试等工作；\n5.负责BOE邮箱&RTX日常运维；\n6.进行BOE邮箱等业务培训和业务知识宣传等；\n7.负责部门财务报销和预算编制；\n8.按时完成部门日常性和领导交办的其他工作。','在岗',NULL,'2018-03-12 00:00:00','2018-03-12 00:00:00',NULL),(91,8,14,'杨辕',NULL,'男',NULL,NULL,NULL,NULL,NULL,NULL,NULL,'中级','信息安全','服务器&桌面云','信息安全高级IT基础运维岗','1.负责B6各业务系统服务器硬件的运维、巡检工作，并输出巡检记录及月度报告反馈；\n2.负责B6各业务系统服务器操作系统的运行状态监控、运维、巡检工作，并输出巡检记录及月度报告反馈；\n3.负责B6终端安全软件企划管理和检查监督，并承接集团下达的信息安全任务；\n4.负责卡巴斯基运维管理及AD域控管理工作；\n5.负责公司保密工作IT相关的统计检查，并担任公司信息管理部保密担当；\n6.推进B6桌面云建设项目的方案设计、厂商沟通、部署实施等工作；\n7.负责集团固定资产管理系统项目的平台搭建、需求分析、系统开发、部署测试等工作；\n8.担任信息管理部档案归档担当。','在岗',NULL,'2018-03-12 00:00:00','2018-03-12 00:00:00',NULL),(92,8,14,'白茂伸',NULL,'男',NULL,NULL,NULL,NULL,NULL,NULL,NULL,'中级','弱电','一卡通&通讯','通讯&弱电中级IT基础运维岗','1.考勤机、考勤系统的修理及日常维护；\n2.门禁、闸机前端设备的修理及维护；\n3.网络线缆的敷设及日常运维工；\n4.各区域弱电间的巡检保障工作及问题的处理；\n5.监控系统各设备的日常维护及故障处理；\n6.保证各区域摄像机的正常运行、视频画面的清晰度及系统的稳定性；\n7.确保监控视频录像存储的有效性、安全性、保密性；\n8.改扩建相关工作及项目期建设的协助；\n9.担任部门内审联络员，协助工厂内审。','在岗',NULL,'2018-03-12 00:00:00','2018-03-12 00:00:00',NULL),(93,8,14,'王耀君',NULL,'男',NULL,NULL,NULL,NULL,NULL,NULL,NULL,'高级','通讯','弱电&一卡通','通讯&弱电高级IT基础运维岗','1.通讯系统运维，话机配置，权限开通，通讯费用整理，服务保障；\n2.一卡通门禁系统控制器、读卡器、闸机等前端设备维护，系统运维；\n3.一卡通消费系统POS机、补助机前端设备维护，系统运维；\n4.产线内综合布线网络点位新增、更改及维护，台账更新；                \n5.生活区监控系统前端设备维护，系统运维；\n6.承接工厂内各业务部门弱电部分改扩建工程并按时完成；\n7.PH2弱电工程方案检讨，质量、进度管控；\n8.PH2通讯设备扩容方案检讨，实施；\n9.配合公司职能分会完成工会年度工作任务。','在岗',NULL,'2018-03-12 00:00:00','2018-03-12 00:00:00',NULL),(94,8,14,'王文军',NULL,'男',NULL,NULL,NULL,NULL,NULL,NULL,NULL,'初级','PC','会议系统&桌面云','PC初级IT基础运维岗','1.计算机软件、硬件、系统运维，IT电子产品的维护和修理；\n2.负责IT固定资产的回收发放、资产损坏鉴定；\n3.视频会议设备运维、管理；\n4.会议室电子设备（投影仪、音响等）日常维护管理；\n5.FTP服务器、账户运维管理；\n6.CIM展厅设备运维管理。','在岗',NULL,'2018-03-12 00:00:00','2018-03-12 00:00:00',NULL),(95,9,15,'李延龙',NULL,'男',NULL,NULL,NULL,NULL,NULL,NULL,NULL,'高级','科长',NULL,'科长级','1.负责B7、测试中心应用系统用户问题的响应与处理；\n2.协调人力资源，组织并推进公司内的应用系统相关的项目建设或流程改善；\n3.参与制定及执行应用系统实施、运维管理标准；\n4.科室年度工作的计划、组织与控制，确保工作目标的达成；\n5.科室的人员考勤及人员调度；\n6.科室成员的培训及业务指导；\n7. 完成上级领导交办的其它任务。','在岗',NULL,'2018-03-12 00:00:00','2018-03-12 00:00:00',NULL),(96,9,15,'郭衡',NULL,'男',NULL,NULL,NULL,NULL,NULL,NULL,NULL,'中级','FICO','IE/SD','FICO中级应用系统运维岗','1.负责B7、测试中心销售管理/物流关务日常业务运维；\n2.收集生产部门业务需求并提供解决方案； \n3.支持用户日常系统操作问题指导及培训； \n4.保障生产数据的准确性； \n5.完成上级领导交办的其它任务。','在岗',NULL,'2018-03-12 00:00:00','2018-03-12 00:00:00',NULL),(97,9,15,'沈立华',NULL,'男',NULL,NULL,NULL,NULL,NULL,NULL,NULL,'中级','MM','PP','MM中级应用系统运维岗','1.负责B7、测试中心供应链管理日常业务运维；\n2.收集生产部门业务需求并提供解决方案； \n3.支持用户日常系统操作问题指导及培训； \n4.保障生产数据的准确性； \n5.完成上级领导交办的其它任务。','在岗',NULL,'2018-03-12 00:00:00','2018-03-12 00:00:00',NULL),(98,9,15,'曾颖黎',NULL,'女',NULL,NULL,NULL,NULL,NULL,NULL,NULL,'高级','PP','QM','PP高级应用服务岗','1.负责B7、测试中心生产管理日常业务运维；\n2.收集生产部门业务需求并提供解决方案； \n3.支持用户日常系统操作问题指导及培训； \n4.保障生产数据的准确性； \n5.完成上级领导交办的其它任务。','在岗',NULL,'2018-03-12 00:00:00','2018-03-12 00:00:00',NULL),(99,9,15,'郑盼',NULL,'女',NULL,NULL,NULL,NULL,NULL,NULL,NULL,'中级','其他（PLM，MDM等）','PM','PLM中级应用系统运维岗','1.负责B7、测试中心PLM/MDM日常业务运维；\n2.对用户进行系统操作培训，编写业务操作指导书；\n3.积极了解业务部门需求及问题，提供可行性方案；\n4.保障业务部门业务高效进行；\n5.完成上级领导交办的其它任务。','在岗',NULL,'2018-03-12 00:00:00','2018-03-12 00:00:00',NULL),(100,9,16,'董志钢',NULL,'男',NULL,NULL,NULL,NULL,NULL,NULL,NULL,'高级','科长',NULL,'科长级','1.负责B7、测试中心工厂硬件项目的实施，确保项目目标的达成；\n2.工厂 IT硬件（含数据中心、服务器、存储、网络、桌面云、通讯、多媒体、安防等）日常运维，确保稳定运行和稼动率，支撑工厂的生产业务和办公业务；\n3.按照集团对IT系统的建设和运维规划以及架构推进 IT科的工作开展;\n4.按照集团信息安全与风险规划方案，完成属地工作；\n5.科室年度工作的计划、组织与控制，确保目标达成;\n6.科室人才梯队建设以及人才培养和储备;\n7.科室日常管理，包括人员管理、工作安排、计划监督等;\n8.完成集团和上级领导交代的其他任务','在岗',NULL,'2018-03-12 00:00:00','2018-03-12 00:00:00',NULL),(101,9,16,'程田',NULL,'男',NULL,NULL,NULL,NULL,NULL,NULL,NULL,'中级','服务器','网络&弱电','中级系统运维岗','1、保障CIM系统所有硬件（含服务器、存储设备等）的运维，保证其不间断服务；\n2、负责中央机房服务器软硬件监控、管理、备份、巡检工作，对设备出现的软件和硬件问题进行诊断和故障排除；\n3、根据业务部门的业务需求负责完成对服务器系统账户管理、文件系统扩容等服务器配置变更工作；\n4、根据生产计划制定服务器PM工作规划，负责服务器PM工作的实施、监督、验收；\n5、协助进行网络优化，重大故障解决；\n6、弱电进度推进；\n7、完成领导交办的其它任务','在岗',NULL,'2018-03-12 00:00:00','2018-03-12 00:00:00',NULL),(102,9,16,'杨阳',NULL,'男',NULL,NULL,NULL,NULL,NULL,NULL,NULL,'中级','一卡通','服务台&PC','中级一卡通运维岗','1.安防系统的管理与维护、日常的巡检；\n2.保证公司安防系统稳定运行并对其进行规划；\n3.公司内部安防设备故障的维修；\n4.安防系统分帐号管理和分配；\n5.完成公司内安防设备的新增、更换、调整，可随时调用、查询监控视频；\n6.负责消费系统及设备的稳定运行，ETC及访客系统运维及故障处理；\n7.根据公司需要，对相关服务进行开发和扩展；\n8.完成领导交代的其他任务','在岗',NULL,'2018-03-12 00:00:00','2018-03-12 00:00:00',NULL),(103,9,16,'刘磊',NULL,'男',NULL,NULL,NULL,NULL,NULL,NULL,NULL,'高级','信息安全','桌面云','高级桌面云运维岗','1.负责公司信息安全项目推进、实施、运维；\n2.负责公司信息安全体系认证及客户外审；\n3.负责桌面云系统管理工作、桌面云系统硬件、软件的监控、管理、巡检；\n4.监控桌面云系统性能并及时优化，根据需求更新及优化模板，处理桌面云使用中的各种问题；\n5.根据规划制定PM工作，负责桌面云系统PM工作的实施、监督、验收；\n6.负责公司固定资产管理和维护；\n7.完成领导交办的其它任务','在岗',NULL,'2018-03-12 00:00:00','2018-03-12 00:00:00',NULL),(104,9,16,'余弦',NULL,'男',NULL,NULL,NULL,NULL,NULL,NULL,NULL,'初级','桌面云','会议系统','初级桌面云运维岗','1.负责桌面云系统管理工作、桌面云系统硬件、软件的监控、管理、巡检；\n2.监控桌面云系统性能并及时优化，根据需求更新及优化模板，处理桌面云使用中的各种问题；\n3.协助PM工作，负责桌面云系统PM工作的实施；\n4.桌面云各桌面模板定期更新以及应用发布APP定期更新；\n5.负责云账号开通、注销，问题处理等；\n6.负责多媒体会议室管理，保障视频会议稳定；\n7.负责邮箱账号开通、注销、扩容等；\n8.完成领导交办的其它任务','在岗',NULL,'2018-03-12 00:00:00','2018-03-12 00:00:00',NULL),(105,9,16,'谭文静',NULL,'女',NULL,NULL,NULL,NULL,NULL,NULL,NULL,'初级','桌面云','信息安全','初级桌面云运维岗','1.负责桌面云系统管理工作、桌面云系统硬件、软件的监控、管理、巡检;\n2.监控桌面云系统性能并及时优化，根据需求更新及优化模板，处理桌面云使用中的各种问题;\n3.协助PM工作，负责桌面云系统PM工作的实施、监督;\n4.协助负责公司信息安全项目推进、实施、运维;\n5.桌面云各桌面模板定期更新以及应用发布APP定期更新;\n6.负责云账号开通、注销，问题处理等;\n7.负责邮箱账号开通、注销、扩容等;\n8.完成领导交办的其它任务','在岗',NULL,'2018-03-12 00:00:00','2018-03-12 00:00:00',NULL),(106,9,16,'常万鹏',NULL,'男',NULL,NULL,NULL,NULL,NULL,NULL,NULL,'初级','网络','服务台&PC','初级网络运维岗','1. 起草、完善公司网络的相关管理规定、技术报告书等；\n2. OA\\FA\\SA网络交换机维护，OA\\FA防火墙、AC运维；\n3.定制公司网络对外及内部安全策略，对其进行规划；\n4.公司内部网络故障的解决； \n5.维护网络设备密码表和IP地址分配表；\n6.VPN帐号管理；\n7.对网络的恶意攻击及网络病毒加以防范，保证公司网络安全；\n8.参与B7工厂弱电工程建设；\n9.弱电机房巡检；\n10.完成领导交办的其它任务。','在岗',NULL,'2018-03-12 00:00:00','2018-03-12 00:00:00',NULL),(107,9,16,'余鸿昌',NULL,'男',NULL,NULL,NULL,NULL,NULL,NULL,NULL,'初级','网络','服务台&PC','初级网络运维岗','1. 起草、完善公司网络的相关管理规定、技术报告书等；\n2. OA\\FA\\SA网络交换机维护，OA\\FA防火墙、AC运维；\n3.定制公司网络对外及内部安全策略，对其进行规划；\n4.公司内部网络故障的解决； \n5.维护网络设备密码表和IP地址分配表；\n6.VPN帐号管理；\n7.对网络的恶意攻击及网络病毒加以防范，保证公司网络安全；\n8.参与B7工厂弱电工程建设；\n9.弱电机房巡检；\n10.完成领导交办的其它任务。','在岗',NULL,'2018-03-12 00:00:00','2018-03-12 00:00:00',NULL),(108,9,16,'叶甜甜',NULL,'女',NULL,NULL,NULL,NULL,NULL,NULL,NULL,'中级','服务台','SD','中级OA运维岗','1.负责Portal日常的维护工作，解决运行过程中遇到的问题，并及时与集团沟通反馈；\n2.负责公司OA整体功能和界面的用户满意度提升；\n3.负责新需求调研、确认、测试工作；\n4.负责SD的运维工作；\n4.完成领导交办的其它任务。','在岗',NULL,'2018-03-12 00:00:00','2018-03-12 00:00:00',NULL),(109,9,16,'白少亮',NULL,'男',NULL,NULL,NULL,NULL,NULL,NULL,NULL,'初级','通讯','一卡通&PC','初级通讯运维岗','1.程控交换机管理运维及巡检;\n2.门禁、闸机权限管理;\n3.IP电话，电话会议支持等;                                                  \n4.日常IT耗材管理及发放;\n5.宽带、固话等费用结算;\n6.厂区手机信号维护；\n7.多媒体设备管理和维护，会场准备和调试;\n8.完成领导交办的其他任务','在岗',NULL,'2018-03-12 00:00:00','2018-03-12 00:00:00',NULL),(110,9,16,'彭国烊',NULL,'男',NULL,NULL,NULL,NULL,NULL,NULL,NULL,'初级','一卡通','服务台&PC','初级一卡通运维岗','1.一卡通建设与维护;\n2.门禁、闸机权限管理;\n3.IP电话，电话会议支持等;\n4.平安app运维;\n5.多媒体设备管理和维护，会场准备和调试\n6.完成领导交办的其他任务','在岗',NULL,'2018-03-12 00:00:00','2018-03-12 00:00:00',NULL),(111,10,17,'王石刚',NULL,'男',NULL,NULL,NULL,NULL,NULL,NULL,NULL,'中级','MM',NULL,'MM中级应用系统运维岗','1. 负责SAP系统物料管理模块的日常运维工作，确保系统正常运行；\n2. 负责对流程完整的物料号进行相关主数据的收集并维护进系统，确保数据的准确性；\n3. 收集业务部门的需求，分析业务部门需求并及时处理，若无法解决则上报集团集思广益并进行解决；\n4. 负责每月物料管理模块月结，协助分析和解决遇到的系统问题，确保结账的顺利进行；\n5. 负责对用户提供相关系统培训；\n6. 负责对厂内业务流程进行持续优化，并针对实际业务中不合理的流程提出改善建议；\n7. 负责对SAP 物料管理模块的账号和权限进行管理。','在岗',NULL,'2018-03-12 00:00:00','2018-03-12 00:00:00',NULL),(112,10,17,'马诗琴',NULL,'女',NULL,NULL,NULL,NULL,NULL,NULL,NULL,'中级','IE','SD','IE中级应用系统运维岗','1. 负责SAP系统IE模块的日常运维工作，确保系统正常运行；\n2. 负责IE月结，确保每月月结按时完成，并及时解决月结中关务业务出现的问题；                                                         3. 接收用户提出的业务需求，进行分析，并及时解决处理，若无法解决则与各现地集思广益进行解决；\n4. 结合用户使用情况，不定期组织对本模块的使用人员培训；\n5. 针对实际业务中不合理的流程提出改善建议，确定后进行逻辑优化；\n6. 完成所负责的ERP项目中IE模块的工作；\n7. 负责对SAP系统IE模块账号及权限进行管控，做到业务和系统需求一致。','在岗',NULL,'2018-03-12 00:00:00','2018-03-12 00:00:00',NULL),(113,10,17,'曹郦郦',NULL,'女',NULL,NULL,NULL,NULL,NULL,NULL,NULL,'初级','其他（PLM，MDM等）','PM','PLM初级应用系统运维岗','1. 处理PLM/PM系统日常运维工作，确保系统正常运行；\n2. 负责PM月结，确保每月月结按时完成，并及时解决月结中关务业务出现的问题；    \n3. 获取相关部业务发展需求，分析需求并予以相应可实施的解决方案；\n4. 负责对B8 PLM/PM用户账号和权限管理；\n5. 不定期对PLM/PM用户进行系统培训与指导；   \n6. 结合现地业务，协助集团PLM/PM推动系统标准化工作；\n7. 针对实际业务中不合理的流程提出改善建议。','在岗',NULL,'2018-03-12 00:00:00','2018-03-12 00:00:00',NULL),(114,10,17,'李杰',NULL,NULL,NULL,NULL,NULL,NULL,NULL,NULL,NULL,'中级','FICO',NULL,'FICO中级应用系统运维岗','1. 负责SAP系统FICO模块的日常运维工作，确保系统正常运行；\n2. 接收业务部门提出的需求并分析，可以解决的及时处理，不能自行解决的，将逐级上报给集团进行处理；\n3. 负责对SAP系统财务模块账号和权限管理\n4. 不定期对业务部门用户进行系统培训与指导；     \n5. 负责财务月结年结支持，及时应对结账中出现的相关问题，确保结账的顺利进行                                                                                                                                                                                                        6. 负责财务相关（含财务会计、管理会计）的业务流程进行持续优化，并针对实际业务中不合理的流程提出改善建议。\n7. 完成所负责的ERP项目中FICO模块的工作；','在岗',NULL,'2018-03-12 00:00:00','2018-03-12 00:00:00',NULL),(115,10,17,'金玉琦',NULL,NULL,NULL,NULL,NULL,NULL,NULL,NULL,NULL,'中级','SD',NULL,'SD中级应用系统运维岗','1. 负责SAP系统SD模块的日常运维工作，确保系统正常运行；\n2. 接收业务部门提出的需求并分析，可以解决的及时处理，不能自行解决的，将逐级上报给集团进行处理；\n3. 负责对SAP系统销售模块账号和权限管理；\n4. 不定期对业务部门用户进行系统培训与指导；     \n5. 负责销售月结年结支持，及时应对结账中出现的相关问题，确保结账的顺利进行；                                                                                                                                                                                                      6. 负责销售、成品发货及RMA的业务流程进行持续优化，并针对实际业务中不合理的流程提出改善建议；\n7. 完成所负责的ERP项目中SD模块的工作；','在岗',NULL,'2018-03-12 00:00:00','2018-03-12 00:00:00',NULL),(116,10,17,'韩金桂',NULL,NULL,NULL,NULL,NULL,NULL,NULL,NULL,NULL,'中级','PP','QM','PP中级应用系统运维岗','1. 监控B8公司SAP系统执行使用状况，确保SAP生产系统稳定运行；\n2. 负责对日常生产业务中的系统数据异常问题点，进行排查分析，给出解决方案和必要的改善工作；\n3. 收集用户需求，配合业务部门完成程序、接口及报表等的系统设计、开发、测试及上线运行等工作；\n4. 针对实际业务中不合理的流程提出改善建议，并对公司月度结账提供技术支援；\n5. 负责对SAP系统生产模块账号和权限管理\n6. 定期对业务用户进行系统培训、指导。','在岗',NULL,'2018-03-12 00:00:00','2018-03-12 00:00:00',NULL),(117,10,18,'陈俊松',NULL,'男',NULL,NULL,NULL,NULL,NULL,NULL,NULL,'中级','科长',NULL,'科长级','1.确保各IT系统、硬件的稳定运行，满足工厂生产的各项IT需求；\n2.推进CIO项目及制度在现地的执行，按照集团信息安全与风险规划方案，完成属地工作；\n3.根据公司的战略与年度方针、目标、重点任务，确定本科室的方针、目标与重点任务，并明确落实到每个员工，并确定明确的、可衡量的目标与期许；\n4.科室日常管理（包括：人员考勤、人员调度、人员招聘等）；\n5.定期对每个人的工作进行细致的评估与考核，并有明确的反馈意见；在工作过程中给予必要的指导与支援；','在岗',NULL,'2018-03-12 00:00:00','2018-03-12 00:00:00',NULL),(118,10,18,'王旺',NULL,'男',NULL,NULL,NULL,NULL,NULL,NULL,NULL,'高级','服务器','桌面云','IT运维岗（高级）','1.确保桌面云系统整体稳定运行，满足工厂的正常办公需求；\n2.桌面云存储设备及系统运维，监控存储性能和文件系统使用情况等；\n3.桌面云服务器设备及系统运维，监控服务器性能及运行状态；\n4.桌面云基础架构，数据库空间压缩，AD域和DNS服务器，Linux服务器等维护；\n5.共享FTP的建立及管理，用户网盘扩容，共享杀毒等；\n6.IT机房管理，制定巡检制度，机房整理和清扫，空调温度和湿度监控，机房紧急事件应对；','在岗',NULL,'2018-03-12 00:00:00','2018-03-12 00:00:00',NULL),(119,10,18,'余洋',NULL,'男',NULL,NULL,NULL,NULL,NULL,NULL,NULL,'中级','通讯','一卡通/弱电','IT运维岗（中级）','1.门禁，考勤，消费一卡通系统管理与维护，保障客户需求。\n2.负责厂区3#弱电改造建设及系统运维；\n3.通信系统管理与维护，负责公司电话信息注册及呼叫类等问题处理作；\n4.邮箱系统管理与维护，保障客户邮箱需求。','在岗',NULL,'2018-03-12 00:00:00','2018-03-12 00:00:00',NULL),(120,10,18,'谭健',NULL,'男',NULL,NULL,NULL,NULL,NULL,NULL,NULL,'中级','网络','弱电/信息安全/施工安全/保密','IT运维岗（中级）','1.负责公司办公网络系统、安防网络系统、生产网络系统、VDI网络系统运维工作（配置备份、数据分析等）\n2.负责公司交换机、防火墙、代理服务器等新增、更换及配置变更工作\n3.负责公司无线网络系统运维工作\n4.负责公司IP地址、VPN账号、无线guest账号的申请、分配及管理工作\n5.负责公司网络监控系统的搭建及运维工作\n6.负责与各分公司间VPN链路的建设与运维\n7.负责公司1#、2#建筑弱电改造及运维工作\n8.负责信息安全相关工作\n9.负责部门保密相关工作，协助保密部完成保密相关工作\n10.负责部门厂商施工安全相关工作\n11.为工厂内其他项目提供网络、弱电咨询及网络支撑工作','在岗',NULL,'2018-03-12 00:00:00','2018-03-12 00:00:00',NULL),(121,10,18,'黄春美',NULL,'女',NULL,NULL,NULL,NULL,NULL,NULL,NULL,'高级','桌面云','服务器','IT运维岗（高级）','1.桌面云基础架构软件运维；\n2.桌面云各桌面模板定期更新以及应用发布APP定期更新；\n3.用户云账号、用户权限以及桌面运维;\n4.打印服务器运维，添加和删除打印机;\n5.加密服务器运维。','在岗',NULL,'2018-03-12 00:00:00','2018-03-12 00:00:00',NULL),(122,10,18,'邓杰',NULL,'男',NULL,NULL,NULL,NULL,NULL,NULL,NULL,'中级','通讯','弱电/会议系统','IT运维岗（中级）','1.电话系统运维，保障公司座机的正常使用，计费，维护电话资产；\n2.视频会议运维，保障公司视频会议正常进行，日常测试和巡检；\n3.厂区及宿舍监控系统运维，监控日常巡检和视频调阅;\n4.负责厂区小栋号及周界弱电改造项目的建设；\n5.一卡通系统运维，卡片发行管理，门禁考勤消费系统管理，维护门禁，考勤机和消费机，并协助用户使用。','在岗',NULL,'2018-03-12 00:00:00','2018-03-12 00:00:00',NULL),(123,10,18,'夏琰秋',NULL,'男',NULL,NULL,NULL,NULL,NULL,NULL,NULL,'中级','桌面云','服务器/信息安全','IT运维岗（中级）','1.桌面云基础架构服务器管理;\n2.桌面刀片服务器管理;\n3.卡巴斯基杀毒服务管理；\n4.云账号管理、应用服务器管理及日常运维；','在岗',NULL,'2018-03-12 00:00:00','2018-03-12 00:00:00',NULL),(124,10,18,'高欣宇',NULL,'男',NULL,NULL,NULL,NULL,NULL,NULL,NULL,'中级','PC','服务器/OA','IT运维岗（中级）','1.PC管理和维护，包括台式机和笔记本的采购，发放和维护；\n2.云电脑管理和维护，包括云电脑的采购，发放和维护；\n3.OA系统管理运维，包括系统功能修改及管理；\n4.IT机房管理，制定巡检制度，机房整理和清扫，空调及温度监控\n5.桌面云服务器设备及系统运维，监控服务器性能及运行状态；','在岗',NULL,'2018-03-12 00:00:00','2018-03-12 00:00:00',NULL),(125,11,19,'徐炎',NULL,'女',NULL,NULL,NULL,NULL,NULL,NULL,NULL,'高级','科长',NULL,'副科长','1. 全面负责B9应用系统重大项目建设及日常运维、需求收集；\n2. 组织并推进公司内的ERP/PLM/MDM等其他应用系统流程优化改善；\n3. 参与制定及执行ERP系统实施、运维管理标准；\n4. 科室年度工作的计划、组织与控制，确保工作目标的达成；\n5. 完成科室团队建设及技术能力培养、轮岗等\n6. 协助领导推进部门工作部署；\n7. 承接集团及现地交办工作；\n8. 完成上级领导交办的其它任务。','在岗',NULL,'2018-03-12 00:00:00','2018-03-12 00:00:00',NULL),(126,11,19,'付丹阳',NULL,'女',NULL,NULL,NULL,NULL,NULL,NULL,NULL,'初级','FICO',NULL,'初级应用系统运维岗','ERP FICO BPO\n1.负责PP模块的日常运维，解决用户使用SAP系统时遇到的相关问题；\n2.负责实施与PP模块相关的项目，保证项目顺利完成；\n3.追踪生管与制造部门每月的月结情况，对月结做技术指导和支援；\n4.负责为用户培训并分配账号，确定每个账号的权限。','在岗',NULL,'2018-03-12 00:00:00','2018-03-12 00:00:00',NULL),(127,11,19,'孟懂懂',NULL,'男',NULL,NULL,NULL,NULL,NULL,NULL,NULL,'初级','PP',NULL,'初级应用系统运维岗','ERP SD BPO\n1.日常B9工厂成品，材料销售业务的主数据维护和检查，确保正确性：\n2.支持月结过程中，用户的月结步骤执行，对问题点进行分析和知道用户解决，确保月结按时完成；\n3.用户培训，账号和权限管理；\n4.协同营销系统科室对集团项目成果的现地工厂推进；\n5.SD模块相关项目的实施和其他支援；\n6.用户拜访和需求收集','在岗',NULL,'2018-03-12 00:00:00','2018-03-12 00:00:00',NULL),(128,11,19,'张凤敏',NULL,'女',NULL,NULL,NULL,NULL,NULL,NULL,NULL,'初级','MM',NULL,'初级应用系统运维岗','ERP MM BPO\n1. 负责SAP系统物料管理模块的日常运维工作，确保系统正常运行；\n2. 日常对流程完整的物料号进行相关主数据的收集并维护进系统，确保数据的准确性；\n3. 收集业务部门的需求，分析业务部门需求并及时处理，；\n4. 支持每月物料管理模块月结，协助分析和解决遇到的系统问题，确保结账的顺利进行；\n5. 对用户提供相关系统培训，账号和权限管理；\n6. 对厂内业务流程进行持续优化，并针对实际业务中不合理的流程提出改善建议；','在岗',NULL,'2018-03-12 00:00:00','2018-03-12 00:00:00',NULL),(129,11,19,'邵清',NULL,'男',NULL,NULL,NULL,NULL,NULL,NULL,NULL,'初级','IE','SD','初级应用系统运维岗','ERP IE BPO\n1. 负责SAP系统IE模块的日常运维工作，确保系统正常运行；\n2. 负责IE月结，确保每月月结按时完成，并及时解决月结中物流关务业务出现的问题； \n3. 接收用户提出的业务需求，进行分析，并及时解决处理；\n4. 结合用户使用情况，不定期组织对本模块的使用人员培训；\n5. 针对实际业务中不合理的流程提出改善建议，确定后进行逻辑优化；\n6. 完成所负责的ERP项目中IE模块的工作；\n7. 负责对SAP系统IE模块账号及权限进行管控，做到业务和系统需求一致。','在岗',NULL,'2018-03-12 00:00:00','2018-03-12 00:00:00',NULL),(130,11,19,'汪铭',NULL,'男',NULL,NULL,NULL,NULL,NULL,NULL,NULL,'初级','其他（PLM，MDM等）',NULL,'初级应用系统运维岗','PLM BPO\n1. 处理PLM系统日常运维工作，确保系统正常运行\n2.收集相关部业务发展需求，分析需求并予以相应可实施的解决方案\n3. 负责对B9 PLM用户账号和权限管理；                         4. 不定期对PLM用户进行系统培训与指导；   \n5. 结合现地业务，协助集团PLM推动系统标准化工作；\n6. 作为数字化制造中心组织和现地用户部门的沟通桥梁。','在岗',NULL,'2018-03-12 00:00:00','2018-03-12 00:00:00',NULL),(131,11,20,'王亚坤',NULL,'男',NULL,NULL,NULL,NULL,NULL,NULL,NULL,'高级','科长',NULL,'副科长','1.负责B9硬件项目的实施，确保项目目标的达成；\n2.全面负责B9工厂属地应用系统重大项目建设及日常运维、需求收集；\n3.负责B9基础应用系统(Officenet等相关系统)）硬件的运维，确保稳定运行；\n4.参与制定及执行应用系统及硬件管理标准；\n5.按照集团信息安全与风险规划方案，完成属地工作；                                            6.IT基础相关产品的采购执行；\n7.部门年度工作的计划）组织与控制，确保工作目标的达成；\n8.部门日常管理（包括：人员考勤）人员调度等）；                                                   9.部门成员的培训及业务指导；                                                                            10.完成领导交办的其它任务；\n11.担当本岗位内的安全生产、环境、消防和职业健康相关工作。\n管理职责：\n1.根据公司战略和本部门的工作职责，制定和定期完善相应制度）规范与工作流程，经经营会','在岗',NULL,'2018-03-12 00:00:00','2018-03-12 00:00:00',NULL),(132,11,20,'刘通',NULL,'男',NULL,NULL,NULL,NULL,NULL,NULL,NULL,'中级','网络','信息安全&固定资产','中级IT基础运维岗','1.B9建设期网络、厂区网络系统规划、部署；\n2.起草、完善公司网络的相关管理规定、技术报告书等；\n3.OA、FA、SA网络交换机维护，OA、FA防火墙维护，proxy代理服务器维护；\n4.定制公司网络对外及内部安全策略，对其进行规划；\n5.公司内部网络故障的解决； \n6.维护网络设备密码表和IP地址分配表；\n7.VPN帐号管理；\n8.对网络的恶意攻击及网络病毒加以防范，保证公司网络安全；\n9.参与B9项目临建、厂区弱电工程建设；\n10.根据公司需要，对网络和相关服务进行开发和扩展；\n11、公司及部门信息安全相关工作；','在岗',NULL,'2018-03-12 00:00:00','2018-03-12 00:00:00',NULL),(133,11,20,'陈炳',NULL,'女',NULL,NULL,NULL,NULL,NULL,NULL,NULL,'初级','桌面云','信息安全&服务器','初级IT基础运维岗','1 .桌面云硬件及软件运维。\n2 .桌面云账号管理 \n3. 搭建日志服务器，监控基础架构所有服务器的状态，能做到及时预警。\n4. 共享文件夹，ftp权限管理。\n5. 卡巴斯基、加密软件运维\n6. 机房所有软硬件系统的监控、备份、故障诊断与处理，保证其稳定运行\n7. 整理每日/每周/每月运行现况报告；\n','在岗',NULL,'2018-03-12 00:00:00','2018-03-12 00:00:00',NULL),(134,11,20,'杨健',NULL,'男',NULL,NULL,NULL,NULL,NULL,NULL,NULL,'中级','弱电','一卡通&会议系统&弱电','中级IT基础运维岗','1.厂区小栋号及生活区弱电管理以及日常维护，厂区弱电施工工程师指令下发，费用审核，结算等工作；                                                                               2.安防系统建设与维护，厂区监控，周界，门禁，消费，考勤，通道闸，车辆进出等项目施工管理以及日常运维等；\n3.多媒体会议系统以及视频会议系统日常运维协助，日常重大会议现场支援；                                                                                              4.日常IT耗材以及办公电脑等采购，收集用户的采购需求，统一提交给采购部门进行采购；                                                                                                                                     \n5.厂区手机信号维护。\n','在岗',NULL,'2018-03-12 00:00:00','2018-03-12 00:00:00',NULL),(135,11,20,'郭颂',NULL,'男',NULL,NULL,NULL,NULL,NULL,NULL,NULL,'中级','通讯','弱电&Sinso运维&ITIL运维','中级IT基础运维岗','1.处理IT相关日常问题；\n2.B9厂区通信系统建设、部署及运维，保证其稳定运行；\n3.起草、完善公司通信的相关管理规定、技术报告书等；\n4.办公话机、WiFiphone等通信工具的管理，号码管理及分配；\n5.通信业务合同管理及负责，每月及时请款报销相关业务费用；\n6.日常软件开发；\n7.Sinso项目建设及运维；\n8.负责厂区3#弱电项目的建设；\n9.负责厂区3#弱电系统运维\n10.ITIL项目开发及维护。','在岗',NULL,'2018-03-12 00:00:00','2018-03-12 00:00:00',NULL),(136,11,20,'杨朝阳',NULL,'男',NULL,NULL,NULL,NULL,NULL,NULL,NULL,'助理','一卡通','弱电、会议系统','IT助理工程师','1.厂区一号楼弱电建设以及日常维护，厂区弱电施工工程师指令下发等工作；\n2.安防系统、一卡通建设与维护，厂区监控，周界张力围栏，门禁，消费，考勤，通道闸，人脸识别系统等项目实施以及日常管理\n3.多媒体会议系统以及视频会议系统日常运维协助，日常重大会议现场支援；\n4.负责电话系统运维、电话安装与维护、电话会议支持等与电话相关事项。','在岗',NULL,'2018-03-12 00:00:00','2018-03-12 00:00:00',NULL),(137,11,20,'汪旻',NULL,'女',NULL,NULL,NULL,NULL,NULL,NULL,NULL,'初级','网络','事务员','初级IT基础运维岗','1.B9建设期网络、厂区网络系统规划、部署；\n2.起草、完善公司网络的相关管理规定、技术报告书等；\n3.OA、FA、SA网络交换机维护，OA、FA防火墙维护，proxy代理服务器维护；\n4.定制公司网络对外及内部安全策略，对其进行规划；\n5.公司内部网络故障的解决； \n6.维护网络设备密码表和IP地址分配表；\n7.VPN帐号管理；\n8.对网络的恶意攻击及网络病毒加以防范，保证公司网络安全；\n9.参与B9项目临建、厂区弱电工程建设；\n10.根据公司需要，对网络和相关服务进行开发和扩展；','在岗',NULL,'2018-03-12 00:00:00','2018-03-12 00:00:00',NULL),(138,11,20,'王荣',NULL,'女',NULL,NULL,NULL,NULL,NULL,NULL,NULL,'初级','桌面云','服务器&PC&桌面云存储','初级IT基础运维岗','1.负责中央机房服务器软硬件监控、管理、巡检工作，对设备出现的软件和硬件问题进行诊断和故障排除；\n2.处理同事常见的桌面云相关问题，包括登录异常，软件兼容，邮箱、打印机设置，瘦客户机维护等问题；\n3.桌面云存储系统管理，包括性能监控，各文件系统使用情况监控，磁盘健康状态检查，及时处理故障，存储容量扩展。\n4.共享文件夹，ftp权限管理；                                                                    \n5.搭建日志服务器，监控基础架构所有服务器的状态，能做到及时预警。','在岗',NULL,'2018-03-12 00:00:00','2018-03-12 00:00:00',NULL),(139,11,20,'韦伟',NULL,'男',NULL,NULL,NULL,NULL,NULL,NULL,NULL,'初级','服务器','服务器&PC&固定资产','初级IT基础运维岗','1.中心机房的日常管理，包括机房环境因素的日常巡检；    \n2.中心机房各服务器硬件状态周期性检查；         \n3.机房相关综合布线的实施；\n4.hpux\\AIX\\windows\\linux操作系统的日常维护及配置变更；                \n5.协助维护厂商进行系统修复及故障报告的编写；        \n6.系统运维报告；    \n7.系统硬件资源使用率统计月报；                \n8.对新业务需求进行系统实现方案评估；        \n9.系统优化。\n10.桌面云一些日常问题的处理解决\n11.打印机问题的处理解决 (来自RTX)','在岗',NULL,'2018-03-12 00:00:00','2018-03-12 00:00:00',NULL),(140,11,20,'谢杰',NULL,'男',NULL,NULL,NULL,NULL,NULL,NULL,NULL,'初级','桌面云','信息安全&服务器','初级IT基础运维岗','1. 处理同事常见的桌面云相关问题，包括登录异常，软件兼容，邮箱、打印机设置，瘦客户机维护等问题。\n2. 搭建日志服务器，监控基础架构所有服务器的状态，能做到及时预警。\n3. 共享文件夹，ftp权限管理。\n4. 桌面云存储系统管理，包括性能监控，各文件系统使用情况监控，磁盘健康状态检查，及时处理故障，存储容量扩展。\n5. 卡巴斯基、加密软件运维\n6. 机房所有软硬件系统的监控、备份、故障诊断与处理，保证其稳定运行\n7. 整理每日/每周/每月运行现况报告；\n8. 负责移动办公平台、BOE微信的功能优化及日常运维，保证人员正常批复审批及沟通交流；\n','在岗',NULL,'2018-03-12 00:00:00','2018-03-12 00:00:00',NULL),(141,11,20,'陈护国',NULL,'男',NULL,NULL,NULL,NULL,NULL,NULL,NULL,'助理','网络','弱电','IT助理工程师','1、OA、FA、SA、VA网络交换机维护，OA、FA防火墙维护\n2、定制公司网络对外及内部安全策略，\n3、公司内部网络故障的解决； \n4、维护网络设备和IP地址分配表；\n5、VPN帐号管理；\n6、对网络的恶意攻击及网络病毒加以防范，保证公司网络安全；\n7、负责厂区2#弱电项目的建设\n8、负责厂区2#弱电系统运维\n9、负责厂区网络建设以及系统运维\n10、完成领导交付任务 ','在岗',NULL,'2018-03-12 00:00:00','2018-03-12 00:00:00',NULL),(142,11,20,'王会元',NULL,'男',NULL,NULL,NULL,NULL,NULL,NULL,NULL,'中级','弱电','Sinso运维&通讯&Mail','中级IT基础运维岗','1、Sinso项目开发及运营维护；\n2、邮箱系统运维，保障公司邮箱系统的正常使用；\n3、电话系统运维，保障公司座机的正常使用；\n4、处理同事常见的IT相关问题，包括登录异常，软件兼容，邮箱、打印机设置，电话、瘦客户机维护等问题；','在岗',NULL,'2018-03-12 00:00:00','2018-03-12 00:00:00',NULL),(143,12,21,'陈慧芳',NULL,'女',NULL,NULL,NULL,NULL,NULL,NULL,NULL,'中级','科长','SD','见习副科长级','1. 全面负责B10应用系统重大项目建设及日常运维、需求收集；\n2. 组织并推进公司内的ERP流程优化改善；\n3. 参与制定及执行ERP系统实施、运维管理标准；\n4. 科室年度工作的计划、组织与控制，确保工作目标的达成；\n5. 完成科室团队建设及技术能力培养、轮岗等\n6. 协助领导推进部门工作部署；\n7. 承接集团及现地交办工作；\n8. 完成上级领导交办的其它任务。','在岗',NULL,'2018-03-12 00:00:00','2018-03-12 00:00:00',NULL),(144,12,21,'鄢怡',NULL,'女',NULL,NULL,NULL,NULL,NULL,NULL,NULL,'初级','其他（PLM，MDM等）','MM','PLM初级应用系统运维岗','1. 处理PLM系统日常运维工作，确保系统正常运行\n2. 获取相关部业务发展需求，分析需求并予以相应可实施的解决方案\n3. 负责对B10 PLM用户账号和权限管理；                         \n4. 不定期对PLM用户进行系统培训与指导；   \n5. 结合现地业务，协助集团PLM推动系统标准化工作；\n6. 针对实际业务中不合理的流程提出改善建议。','在岗',NULL,'2018-03-12 00:00:00','2018-03-12 00:00:00',NULL),(145,12,21,'陈芬虹',NULL,'女',NULL,NULL,NULL,NULL,NULL,NULL,NULL,'中级','MM','IE','MM中级应用系统运维岗','1. 负责SAP系统物料管理模块的日常运维工作，确保系统正常运行；\n2. 负责对流程完整的物料号进行相关主数据的收集并维护进系统，确保数据的准确性；\n3. 收集业务部门的需求，分析业务部门需求并及时处理，若无法解决则上报集团集思广益并进行解决；\n4. 负责每月物料管理模块月结，协助分析和解决遇到的系统问题，确保结账的顺利进行；\n5. 负责对用户提供相关系统培训；\n6. 负责对厂内业务流程进行持续优化，并针对实际业务中不合理的流程提出改善建议；\n7. 负责对SAP 物料管理模块的账号和权限进行管理。','在岗',NULL,'2018-03-12 00:00:00','2018-03-12 00:00:00',NULL),(146,12,21,'曹剑平',NULL,'男',NULL,NULL,NULL,NULL,NULL,NULL,NULL,'资深高级','PP',NULL,'PP资深应用系统运维岗','1. 负责SAP系统PP模块执行使用状况，确保SAP生产系统稳定运行；\n2. 负责对日常生产业务中的系统数据异常问题点，进行排查分析，给出解决方案和必要的改善工作；\n3. 收集用户需求，配合业务部门完成程序、接口及报表等的系统设计、开发、测试及上线运行等工作；\n4. 针对实际业务中不合理的流程提出改善建议，并对公司月度结账提供技术支援；\n5. 负责对SAP系统生产模块账号和权限管理\n6. 定期对业务用户进行系统培训、指导。','在岗',NULL,'2018-03-12 00:00:00','2018-03-12 00:00:00',NULL),(147,12,21,'陈亮',NULL,'男',NULL,NULL,NULL,NULL,NULL,NULL,NULL,'中级','IE',NULL,'IE中级应用系统运维岗','1. 负责SAP系统IE模块的日常运维工作，确保系统正常运行；\n2. 负责IE月结，确保每月月结按时完成，并及时解决月结中关务业务出现的问题；                                                         \n3. 接收用户提出的业务需求，进行分析，并及时解决处理，若无法解决则与各现地集思广益进行解决；\n4. 结合用户使用情况，不定期组织对本模块的使用人员培训；\n5. 针对实际业务中不合理的流程提出改善建议，确定后进行逻辑优化；\n6. 完成所负责的ERP项目中IE模块的工作；\n7. 负责对SAP系统IE模块账号及权限进行管控，做到业务和系统需求一致。','在岗',NULL,'2018-03-12 00:00:00','2018-03-12 00:00:00',NULL),(148,12,21,'杨碧丽',NULL,'女',NULL,NULL,NULL,NULL,NULL,NULL,NULL,'中级','FICO','SD','FICO中级应用系统运维岗','1. 负责SAP系统FICO模块的日常运维工作，确保系统正常运行；\n2. 接收业务部门提出的需求并分析，可以解决的及时处理，不能自行解决的，将逐级上报给集团进行处理；\n3. 负责对SAP系统财务模块账号和权限管理\n4. 不定期对业务部门用户进行系统培训与指导；     \n5. 负责财务月结年结支持，及时应对结账中出现的相关问题，确保结账的顺利进行                                                                                                                                                                                                        6. 负责财务相关（含财务会计、管理会计）的业务流程进行持续优化，并针对实际业务中不合理的流程提出改善建议。\n7. 完成所负责的ERP项目中FICO模块的工作；','在岗',NULL,'2018-03-12 00:00:00','2018-03-12 00:00:00',NULL),(149,12,22,'沈鑫',NULL,'男',NULL,NULL,NULL,NULL,NULL,NULL,NULL,'中级','科长',NULL,'见习副科长级','1.负责B10硬件项目的实施，确保项目目标的达成；\n2.全面负责B10工厂属地应用系统重大项目建设及日常运维、需求收集；\n3.负责B10基础应用系统硬件的运维，确保稳定运行；\n4.参与制定及执行应用系统及硬件管理标准；\n5.按照集团信息安全与风险规划方案，完成属地工作；                                           \n6.IT基础相关产品的采购执行；\n7.部门年度工作的计划、组织与控制，确保工作目标的达成；\n8.部门日常管理（包括：人员考勤、人员调度等）；                                                   \n9.部门成员的培训及业务指导；                                                                            \n10.完成领导交办的其它任务；\n11.担当本岗位内的安全生产、环境、消防和职业健康相关工作。\n管理职责：\n1.根据公司战略和本部门的工作职责，制定和定期完善相应制度、规范与工作流程，经经营会议审定后执行；\n2.根据','在岗',NULL,'2018-03-12 00:00:00','2018-03-12 00:00:00',NULL),(150,12,22,'苏祖鸿',NULL,'男',NULL,NULL,NULL,NULL,NULL,NULL,NULL,'初级','网络',NULL,'初级IT基础运维岗','1） 起草、完善公司网络的相关管理规定、技术报告书等；\n2） OA\\FA\\SA网络交换机维护，OA\\FA防火墙维护；\n3） 定制公司网络对外及内部安全策略，对其进行规划；\n4） 公司内部网络故障的解决； \n5） 维护网络设备密码表和IP地址分配表；\n6） VPN帐号管理；\n7） 对网络的恶意攻击及网络病毒加以防范，保证公司网络安全；\n8）根据公司需要，对网络和相关服务进行开发和扩展；\n9）完成领导交办的其它任务。','在岗',NULL,'2018-03-12 00:00:00','2018-03-12 00:00:00',NULL),(151,12,22,'颜俊勇',NULL,'男',NULL,NULL,NULL,NULL,NULL,NULL,NULL,'初级','网络','信息安全','初级IT基础运维岗','1） 起草、完善公司网络的相关管理规定、技术报告书等；\n2） OA\\FA\\SA网络交换机维护，OA\\FA防火墙维护；\n3） 定制公司网络对外及内部安全策略，对其进行规划；\n4） 公司内部网络故障的解决； \n5） 维护网络设备密码表和IP地址分配表；\n6） VPN帐号管理；\n7） 对网络的恶意攻击及网络病毒加以防范，保证公司网络安全；\n8）根据公司需要，对网络和相关服务进行开发和扩展；\n9）完成领导交办的其它任务；\n10）配合集团及保密部完成信息安全工作，包括相关制度的编写及宣传、每月度信息安全的检查；','在岗',NULL,'2018-03-12 00:00:00','2018-03-12 00:00:00',NULL),(152,12,22,'乔卫军',NULL,'男',NULL,NULL,NULL,NULL,NULL,NULL,NULL,'中级','弱电',NULL,'中级IT基础运维岗','1）B10工厂日常弱电工程的维护和管理；\n2）日常门禁、安保系统的运行状态的实时监控；\n3）日常一卡通的发放和管理；\n4）部门成员的培训及业务指导；                                                                            \n5）担当本岗位内的安全生产、环境、消防和职业健康相关工作；\n6）完成领导交办的其它任务；','在岗',NULL,'2018-03-12 00:00:00','2018-03-12 00:00:00',NULL),(153,12,22,'刘宗喜',NULL,'男',NULL,NULL,NULL,NULL,NULL,NULL,NULL,'初级','服务台','弱电','初级IT基础运维岗','1）B10工厂日常弱电工程的维护和管理；\n2）日常一卡通的发放和管理；\n3）电话、瘦客户机的安装、发放、管理与维护；\n4）完成领导交办的其它任务。','在岗',NULL,'2018-03-12 00:00:00','2018-03-12 00:00:00',NULL),(154,12,22,'金宝存',NULL,'男',NULL,NULL,NULL,NULL,NULL,NULL,NULL,'初级','会议系统',NULL,'初级IT基础运维岗','1）起草、完善公司会议系统的相关管理规定、技术报告书等；\n2）日常会议的保障；\n3）会议相关设备的日常维护和巡检；\n4）完成领导交办的其它任务；','在岗',NULL,'2018-03-12 00:00:00','2018-03-12 00:00:00',NULL),(155,12,22,'李林',NULL,'女',NULL,NULL,NULL,NULL,NULL,NULL,NULL,'初级','桌面云',NULL,'初级IT基础运维岗','1）起草、完善公司桌面云的相关管理规定、技术报告书等；\n2）桌面云的服务器、网络、存储的相关日常巡检及维护；\n3）桌面云相关服务器、存储性能及运行状态的实时监控；\n4）FTP、共享文件夹的建立及管理，用户硬盘的扩容，用户桌面云或PC端的杀毒服务；\n5）活动目录日常用户的维护，DNS解析系统的维护；\n6）完成领导交办的其它任务； ','在岗',NULL,'2018-03-12 00:00:00','2018-03-12 00:00:00',NULL),(156,12,22,'蔡雪梅',NULL,'女',NULL,NULL,NULL,NULL,NULL,NULL,NULL,'初级','桌面云',NULL,'初级IT基础运维岗','1）起草、完善公司桌面云的相关管理规定、技术报告书等；\n2）桌面云的服务器、网络、存储的相关日常巡检及维护；\n3）桌面云相关服务器、存储性能及运行状态的实时监控；\n4）FTP、共享文件夹的建立及管理，用户硬盘的扩容，用户桌面云或PC端的杀毒服务；\n5）活动目录日常用户的维护，DNS解析系统的维护；\n6）完成领导交办的其它任务； ','在岗',NULL,'2018-03-12 00:00:00','2018-03-12 00:00:00',NULL),(157,12,22,'陈继坤',NULL,'男',NULL,NULL,NULL,NULL,NULL,NULL,NULL,'初级','通讯',NULL,'初级IT基础运维岗','1）起草、完善公司通讯的相关管理规定、技术报告书等；\n2）电话、瘦客户机的安装、发放、管理与维护；\n3）统一通信系统、在线会议系统等的构建、管理与维护；\n4）电话线路及施工管理、维护；\n5）话费的整理、结算；\n6）机房日常维护；\n7）根据公司需要，对通讯和相关服务进行开发和扩展；\n8）通讯相关系统的合同管理和推进，各项费用的支出管理；\n9）完成领导交办的其它任务。','在岗',NULL,'2018-03-12 00:00:00','2018-03-12 00:00:00',NULL),(158,12,22,'温佳妍',NULL,'男',NULL,NULL,NULL,NULL,NULL,NULL,NULL,'初级','PC','桌面云','初级IT基础运维岗','1）起草、完善公司固定资产的相关管理规定、技术报告书、采购申请等；\n2）电话、瘦客户机的安装、发放、管理与维护；\n3）桌面云相关模板的更新及维护；\n4）FTP、共享文件夹的建立及管理，用户硬盘的扩容，用户桌面云或PC端的杀毒服务；\n5）活动目录日常用户的维护，DNS解析系统的维护；\n6）完成领导交办的其它任务； ','在岗',NULL,'2018-03-12 00:00:00','2018-03-12 00:00:00',NULL),(159,12,22,'黄陈旭',NULL,'男',NULL,NULL,NULL,NULL,NULL,NULL,NULL,'高级','服务器',NULL,'高级IT基础运维岗','1） 起草、完善公司服务器的相关管理规定、技术报告书等；\n2） 服务器的日常维护备份；\n3）完成领导交办的其它任务。','在岗',NULL,'2018-03-12 00:00:00','2018-03-12 00:00:00',NULL),(160,13,23,'黄辅友',NULL,'男',NULL,NULL,NULL,NULL,NULL,NULL,NULL,'高级','科长',NULL,'副科长','1.全面负责B11工厂属地应用系统重大项目建设及日常运维、需求收集；\n2.组织并推进公司内的ERP流程优化改善；\n3.参与制定及执行ERP系统实施、运维管理标准；\n4.科室年度工作的计划、组织与控制，确保工作目标的达成；\n5.完成科室团队建设及技术能力培养、轮岗等\n6.协助领导推进部门工作部署；\n7.承接集团及现地交办工作；\n8.完成上级领导交办的其它任务。','在岗',NULL,'2018-03-12 00:00:00','2018-03-12 00:00:00',NULL),(161,13,23,'舒倩',NULL,'女',NULL,NULL,NULL,NULL,NULL,NULL,NULL,'初级','MM',NULL,'初级应用服务岗','1. 负责SAP系统物料管理模块的日常运维工作，确保系统正常运行；\n2. 负责对流程完整的物料号进行相关主数据的收集并维护进系统，确保数据的准确性；\n3. 收集业务部门的需求，分析业务部门需求并及时处理，若无法解决则上报集团集思广益并进行解决；\n4. 负责每月物料管理模块月结，协助分析和解决遇到的系统问题，确保结账的顺利进行；\n5. 负责对用户提供相关系统培训；\n6. 负责对厂内业务流程进行持续优化，并针对实际业务中不合理的流程提出改善建议；\n7. 负责对SAP 物料管理模块的账号和权限进行管理。','在岗',NULL,'2018-03-12 00:00:00','2018-03-12 00:00:00',NULL),(162,13,24,'杨凯',NULL,'男',NULL,NULL,NULL,NULL,NULL,NULL,NULL,'中级','科长',NULL,'副科长','1.确保各IT系统、硬件的稳定运行，满足工厂生产的各项IT需求；\n2.推进CIO项目及制度在现地的执行，按照集团信息安全与风险规划方案，完成属地工作；\n3.根据公司的战略与年度方针、目标、重点任务，确定本科室的方针、目标与重点任务，并明确落实到每个员工，并确定明确的、可衡量的目标与期许；\n4.科室日常管理（包括：人员考勤、人员调度、人员招聘等）；\n5.定期对每个人的工作进行细致的评估与考核，并有明确的反馈意见；在工作过程中给予必要的指导与支援；','在岗',NULL,'2018-03-12 00:00:00','2018-03-12 00:00:00',NULL),(163,13,24,'李利芬',NULL,'女',NULL,NULL,NULL,NULL,NULL,NULL,NULL,'高级','桌面云',NULL,'高级IT基础运维岗','1） 协助完成B11桌面云项目检讨、规划及上线实施工作；\n2） 监控桌面云系统性能并及时优化，根据需求更新及优化模板，处理桌面云使用中的各种问题；\n3） 根据规划制定PM工作，负责桌面云系统PM工作的实施、监督、验收；\n4） 用户日常问题快速响应并解决；\n5） 完成桌面云系统运维及监控维护工作；\n6） 完成领导交办的其它任务。\n','在岗',NULL,'2018-03-12 00:00:00','2018-03-12 00:00:00',NULL),(164,13,24,'张晨辉',NULL,'男',NULL,NULL,NULL,NULL,NULL,NULL,NULL,'初级','网络',NULL,'初级IT基础运维岗','1） 协助完成B11 新工厂网络规划、检讨和建设工作\n2） 起草、完善公司网络的相关管理规定、技术报告书等；\n3） OA、FA、SA网络维护优化；\n4） 定制公司网络对外及内部安全策略，对其进行规划；\n5） 公司内部网络故障的解决； \n6） 网络、信息安全、VPN等权限管理；\n7） 对网络的恶意攻击及网络病毒加以防范，保证公司网络安全；\n8） 根据公司需要，对网络和相关服务进行开发和扩展；\n9） 完成领导交办的其它任务。\n','在岗',NULL,'2018-03-12 00:00:00','2018-03-12 00:00:00',NULL),(165,13,24,'马三超',NULL,'男',NULL,NULL,NULL,NULL,NULL,NULL,NULL,'初级','桌面云',NULL,'初级IT基础运维岗','1） 协助完成B11桌面云项目检讨、规划及上线实施工作；\n2） 监控桌面云系统性能并及时优化，根据需求更新及优化模板，处理桌面云使用中的各种问题；\n3） 根据规划制定PM工作，负责桌面云系统PM工作的实施、监督、验收；\n4） 用户日常问题快速响应并解决；\n5） 完成桌面云系统运维及监控维护工作；\n6） 完成领导交办的其它任务。\n','在岗',NULL,'2018-03-12 00:00:00','2018-03-12 00:00:00',NULL),(166,13,24,'曾磊',NULL,'男',NULL,NULL,NULL,NULL,NULL,NULL,NULL,'初级','弱电',NULL,'中级IT基础运维岗','1）B11工厂日常弱电工程的维护和管理；\n2）日常门禁、安保系统的运行状态的实时监控；\n3）日常一卡通的发放和管理；\n4）部门成员的培训及业务指导；                                                                            \n5）担当本岗位内的安全生产、环境、消防和职业健康相关工作；\n6）完成领导交办的其它任务；','在岗',NULL,'2018-03-12 00:00:00','2018-03-12 00:00:00',NULL),(167,15,27,'张书楠',NULL,'女',NULL,NULL,NULL,NULL,NULL,NULL,NULL,'高级','科长','FICO','科长级','1.负责梳理公司业务流程，进行流程优化与系统支持工作；\n2.负责BMDT 应用系统用户问题的响应与处理；\n3.监控业务部门及时准确地录入业务数据，确保月结及核心业务及时完成；\n4.参与制定及执行应用系统实施及运维管理标准；\n5.科室年度工作的计划、组织与控制，确保工作目标的达成；\n6.科室日常管理（包括：人员考勤、人员调度等）；\n7.科室成员的培训及业务指导。','在岗',NULL,'2018-03-12 00:00:00','2018-03-12 00:00:00',NULL),(168,15,27,'邢丽',NULL,'女',NULL,NULL,NULL,NULL,NULL,NULL,NULL,'中级','IE','SD/TQMS','IE中级应用服务岗','1.负责BMDT ERP IEB模块正常运行；\n2.接收并分析业务部门提出的需求；\n3.不定期的对本模块的使用人员进行相关培训；\n4.及时发现实际业务中不合理的流程并提出改进建议；\n5.及时准确在系统中反映新增业务。','在岗',NULL,'2018-03-12 00:00:00','2018-03-12 00:00:00',NULL),(169,15,27,'俞培玉',NULL,'女',NULL,NULL,NULL,NULL,NULL,NULL,NULL,'高级','PP','MM','PP高级应用服务岗','1.负责BMDT ERP PP模块正常运行；\n2.接收并分析业务部门提出的需求；\n3.不定期的对本模块的使用人员进行相关培训；\n4.及时发现实际业务中不合理的流程并提出改进建议；\n5.及时准确在系统中反映新增业务。','在岗',NULL,'2018-03-12 00:00:00','2018-03-12 00:00:00',NULL),(170,15,27,'朱桂娟',NULL,'女',NULL,NULL,NULL,NULL,NULL,NULL,NULL,'初级','MM','MDM','MM初级应用服务岗','1.负责BMDT ERP MM模块正常运行；\n2.接收并分析业务部门提出的需求；\n3.不定期的对本模块的使用人员进行相关培训；\n4.及时发现实际业务中不合理的流程并提出改进建议；\n5.及时准确在系统中反映新增业务。','在岗',NULL,'2018-03-12 00:00:00','2018-03-12 00:00:00',NULL),(171,15,27,'邢天锐',NULL,'男',NULL,NULL,NULL,NULL,NULL,NULL,NULL,'中级','SD',NULL,'SD中级应用服务岗','1.负责BMDT ERP SD模块正常运行；\n2.接收并分析业务部门提出的需求；\n3.不定期的对本模块的使用人员进行相关培训；\n4.及时发现实际业务中不合理的流程并提出改进建议；\n5.及时准确在系统中反映新增业务。','在岗',NULL,'2018-03-12 00:00:00','2018-03-12 00:00:00',NULL),(172,15,27,'韩松卫',NULL,'女',NULL,NULL,NULL,NULL,NULL,NULL,NULL,'高级','其他（PLM，MDM等）',NULL,'PLM/MDM/TQMS高级应用服务岗','1.负责对应数字化制造中心PLM/MDM/TQMS系统BMDT工厂端运维；\n2.接收并分析业务部门提出的需求；\n3.不定期的对系统使用人员进行相关培训；\n4.及时发现实际业务中不合理的流程并提出改进建议；\n5.及时准确在系统中反映新增业务。','在岗',NULL,'2018-03-12 00:00:00','2018-03-12 00:00:00',NULL),(173,15,28,'张威',NULL,'男',NULL,NULL,NULL,NULL,NULL,NULL,NULL,'中级','科长','网络','科长级','1.负责BMDT IT硬件项目的实施，确保项目目标的达成；\n2.负责BMDT基础应用系统(IDC等相关系统)、硬件的运维，确保稳定运行；\n3.参与制定及执行基础应用系统及硬件管理标准；\n4.按照集团信息安全与风险规划方案，完成属地工作；\n5.IT基础相关产品的采购执行；\n6.科室年度工作的计划、组织与控制，确保工作目标的达成；\n7.科室日常管理（包括：人员考勤、人员调度等）；\n8.科室成员的培训及业务指导。','在岗',NULL,'2018-03-12 00:00:00','2018-03-12 00:00:00',NULL),(174,15,28,'刘禄财',NULL,'男',NULL,NULL,NULL,NULL,NULL,NULL,NULL,'初级','服务器',NULL,'初级系统运维岗','1.BMDT工厂生产服务器平台（含硬件及OS）以及存储系统的监控、巡检、备份、故障诊断与处理，保证生产系统的不间断运行；\n2.整理每日/每周/每月运行现况报告；\n3.设备履历卡和相关技术文档的管理；\n4.定期/非定期的System PM及报告；\n5.定期/非定期的系统相关培训；\n6.New Project（含生产相关系统）实施过程中硬件环境准备及部署支持；\n7.打印管理系统的维护，新员工账号注册开通、注销，输出打印使用报告至行政，辅助进行办公用品管理。\n8.可视化系统的维护，保证系统的稳定运行。','在岗',NULL,'2018-03-12 00:00:00','2018-03-12 00:00:00',NULL),(175,15,28,'张东生',NULL,'男',NULL,NULL,NULL,NULL,NULL,NULL,NULL,'中级','通讯','一卡通','中级通讯运维岗','1.起草、完善公司通讯的相关管理规定、技术报告书等；\n2.语音交换机、电话配线架的日常管理和维护；\n3.计费系统的管理和维护，每月电话费用的统计和整理；\n4.会议室电话会议的管理和维护；\n5.Vendor及协作单位的通信服务支持，协助财务进行相关的费用收取，并用自己话费监控软件对话费进行监控，定期上报分析报表，以便进行费用核对和控制工作；\n6.负责电话用户的开通申请、安装和调试，包括对分机号码的管理；\n7.进行IT资产的管理，负责IT资产的新购、登记、调配、报废等工作，周期对库房进行点检，输出分析报告\n8.根据公司需要，对通讯和相关服务进行开发和扩展。','在岗',NULL,'2018-03-12 00:00:00','2018-03-12 00:00:00',NULL),(176,15,28,'肖亚微',NULL,'男',NULL,NULL,NULL,NULL,NULL,NULL,NULL,'初级','弱电','PC','初级OA运维岗','1.负责officenet系统各个模块的管理和运维；\n2.officenet系统用户的注册，变更和删除及权限管理；\n3.officenet系统组织架构的注册、变更和删除；\n4.处理officenet系统及portal用户在使用中出现的各种问题；\n5.处理工作流技术中出现的各种问题；\n6.处理Messenger以及邮箱的使用过程中的各种问题；\n7.按时进行服务器的插件的升级。','在岗',NULL,'2018-03-12 00:00:00','2018-03-12 00:00:00',NULL),(177,15,28,'田泽佳',NULL,'男',NULL,NULL,NULL,NULL,NULL,NULL,NULL,'初级','服务器','信息安全','初级系统运维岗','1.BMDT工厂办公服务器平台（含硬件及OS）以及存储系统的监控、巡检、备份、故障诊断与处理，保证办公系统的稳定运行；\n2.整理每日/每周/每月运行现况报告；\n3.设备履历卡和相关技术文档的管理；\n4.定期/非定期的System PM及报告；\n5.定期/非定期的系统相关培训；\n6.New Project（含生产相关系统）实施过程中硬件环境准备及部署支持；','在岗',NULL,'2018-03-12 00:00:00','2018-03-12 00:00:00',NULL),(178,15,28,'周洪伟',NULL,'男',NULL,NULL,NULL,NULL,NULL,NULL,NULL,'初级','弱电','一卡通','初级系统运维岗','1.门禁系统、考勤系统、售餐系统服务器和客户终端的管理和维护；\n2.管理工厂内综合布线的施工，负责弱电施工标准的制定和监督，快速响应办公、生产区弱电施工需求。\n3.负责对BMDT IT机房环境日常监控管理，协助动力技术部保证中央机房空调的日常检查、温湿度平衡以及UPS系统的正常使用；\n4.根据公司需要对新建项目进行弱电规划、管理、监督；\n5.定期输出综合布线、一卡通系统、机房管理分析报表，对各系统费用情况综合分析上报。\n6.完成领导交待的其它工作。','在岗',NULL,'2018-03-12 00:00:00','2018-03-12 00:00:00',NULL),(179,15,28,'孟祥敬',NULL,'女',NULL,NULL,NULL,NULL,NULL,NULL,NULL,'初级','网络','会议系统','初级网络运维岗','1.起草、完善公司网络的相关管理规定、技术报告书等；\n2.OA、FA网络交换机维护，防火墙维护，proxy代理服务器维护；\n3.定制公司网络对外及内部安全策略，对其进行规划；\n4.公司内部网络故障的解决；\n5.维护网络设备密码表和IP地址分配表；\n6.VPN帐号管理；\n7.对网络的恶意攻击及网络病毒加以防范，保证公司网络安全；\n8.Vendor及协作单位的通信服务支持，协助行政进行相关的费用收取；\n9.根据公司需要，对网络和相关服务进行开发和扩展；\n10.会议室设备、视频会议的管理和维护；','在岗',NULL,'2018-03-12 00:00:00','2018-03-12 00:00:00',NULL);

#
# Data for table "state"
#

INSERT INTO `state` (`id`,`page`,`state`,`createdAt`,`updatedAt`,`deletedAt`) VALUES (1,'todo','任务备案','2018-03-12 08:52:50','2018-03-12 08:52:50',NULL),(2,'todo','on going','2018-03-12 08:52:50','2018-03-12 08:52:50',NULL),(3,'todo','closed','2018-03-12 08:52:50','2018-03-12 08:52:50',NULL),(4,'fom','在岗','2018-03-12 08:52:50','2018-03-12 08:52:50',NULL),(5,'fom','试用','2018-03-12 08:52:50','2018-03-12 08:52:50',NULL),(6,'fom','实习','2018-03-12 08:52:50','2018-03-12 08:52:50',NULL),(7,'fom','离职','2018-03-12 08:52:50','2018-03-12 08:52:50',NULL);

#
# Data for table "todo_list"
#


#
# Data for table "user"
#

INSERT INTO `user` (`id`,`username`,`password`,`userid`,`email`,`deptId`,`role`,`createdAt`,`updatedAt`,`deletedAt`) VALUES (1,'admin','admin','118663','lupeng_ot@boe.com.cn',1,'A','2018-02-24 07:35:56','2018-02-24 07:35:56',NULL);
