# Host: 10.20.1.100  (Version: 5.7.11-log)
# Date: 2018-03-27 17:24:39
# Generator: MySQL-Front 5.3  (Build 5.20)

#
# Data for table "fom_centre"
#

INSERT INTO `fom_centre` (`id`,`centre`,`owner`,`preparation`,`bz`,`createdAt`,`updatedAt`,`deletedAt`) VALUES (1,'DBG 信管中心','韩小龙',247,'xxx','2018-03-15 03:18:02','2018-03-15 03:18:02',NULL);

#
# Data for table "fom_dept"
#

INSERT INTO `fom_dept` (`id`,`centreId`,`plant`,`place`,`dept`,`owner`,`preparation`,`bz`,`createdAt`,`updatedAt`,`deletedAt`) VALUES (1,1,'B4','北京','企划部','朱博雅',7,'DBG 中心','2018-03-09 01:11:00','2018-03-09 01:11:00',NULL),(2,1,'B4','北京','应用系统部','魏晓明',5,'DBG 中心','2018-03-09 01:11:00','2018-03-09 01:11:00',NULL),(3,1,'B1','北京','B1 信管部','张美荣',17,'xxxx','2018-03-09 01:11:00','2018-03-09 01:11:00',NULL),(4,1,'B2','成都','B2 信管部','沈勇',16,'xxxx','2018-03-09 01:11:00','2018-03-09 01:11:00',NULL),(5,1,'B3','合肥','B3 信管部','刘振',23,'xxxx','2018-03-09 01:11:00','2018-03-09 01:11:00',NULL),(6,1,'B4','北京','B4 信管部','宋健',18,'xxxx','2018-03-09 01:11:00','2018-03-09 01:11:00',NULL),(7,1,'B5','合肥','B5 信管部','袁曙',24,'xxxx','2018-03-09 01:11:00','2018-03-09 01:11:00',NULL),(8,1,'B6','鄂尔多斯','B6 信管部','王尧',17,'xxxx','2018-03-09 01:11:00','2018-03-09 01:11:00',NULL),(9,1,'B7','成都','B7 信管部','王程',17,'xxxx','2018-03-09 01:11:00','2018-03-09 01:11:00',NULL),(10,1,'B8','重庆','B8 信管部','刘磊',21,'xxxx','2018-03-09 01:11:00','2018-03-09 01:11:00',NULL),(11,1,'B9','合肥','B9 信管部','李红力',21,'xxxx','2018-03-09 01:11:00','2018-03-09 01:11:00',NULL),(12,1,'B10','福清','B10 信管部','杜晖',19,'xxxx','2018-03-09 01:11:00','2018-03-09 01:11:00',NULL),(13,1,'B11','四川绵阳','B11 信管部','贺子龙',17,'xxxx','2018-03-09 01:11:00','2018-03-09 01:11:00',NULL),(14,1,'B12','重庆','B12 信管','刘磊',6,'xxx','2018-03-09 00:00:00','2018-03-09 00:00:00',NULL),(15,1,'BMDT','河北固安','BMDT 信管部','孙双成',16,'xxxx','2018-03-09 01:11:00','2018-03-09 01:11:00',NULL),(16,1,'B17','武汉','B17 信管部','李红力',15,'xxxx','2018-03-09 01:11:00','2018-03-09 01:11:00',NULL),(17,1,'昆明','昆明','昆明','鲍国庆',3,'xxx','2018-03-09 00:00:00','2018-03-27 00:00:00',NULL);

#
# Data for table "fom_grade"
#

INSERT INTO `fom_grade` (`id`,`grade`,`createdAt`,`updatedAt`,`deletedAt`) VALUES (1,'专家','2018-03-12 08:26:10','2018-03-12 08:26:10',NULL),(2,'资深','2018-03-12 08:26:10','2018-03-12 08:26:10',NULL),(3,'高级','2018-03-12 08:26:10','2018-03-12 08:26:10',NULL),(4,'中级','2018-03-12 08:26:10','2018-03-12 08:26:10',NULL),(5,'初级','2018-03-12 08:26:10','2018-03-12 08:26:10',NULL),(6,'助理','2018-03-12 08:26:10','2018-03-12 08:26:10',NULL);

#
# Data for table "fom_office"
#

INSERT INTO `fom_office` (`id`,`deptId`,`office`,`owner`,`preparation`,`bz`,`createdAt`,`updatedAt`,`deletedAt`) VALUES (1,1,'重点项目企划科','鲁鹏',3,'yyy','2018-03-09 01:11:04','2018-03-09 01:11:04',NULL),(2,1,'标准化科','李杰',3,'yyy','2018-03-09 01:11:04','2018-03-09 01:11:04',NULL),(3,3,'B1 应用系统科','张美荣',5,'yyy','2018-03-09 01:11:04','2018-03-09 01:11:04',NULL),(4,3,'B1 IT 科','孙双成',11,'yyy','2018-03-09 01:11:04','2018-03-09 01:11:04',NULL),(5,4,'B2 应用系统科','曾勋',5,'yyy','2018-03-09 01:11:04','2018-03-09 01:11:04',NULL),(6,4,'B2 IT 科','沈勇',7,'yyy','2018-03-09 01:11:04','2018-03-09 01:11:04',NULL),(7,5,'B3 应用系统科','刘振',7,'yyy','2018-03-09 01:11:04','2018-03-09 01:11:04',NULL),(8,5,'B3 IT 科','顾今',14,'yyy','2018-03-09 01:11:04','2018-03-09 01:11:04',NULL),(9,6,'B4 应用系统科','徐皛',5,'yyy','2018-03-09 01:11:04','2018-03-09 01:11:04',NULL),(10,6,'B4 IT 科','赵盼辉',12,'yyy','2018-03-09 01:11:04','2018-03-09 01:11:04',NULL),(11,7,'B5 应用系统科','杜俊雅',9,'yyy','2018-03-09 01:11:04','2018-03-09 01:11:04',NULL),(12,7,'B5 IT 科','侍天航',16,'yyy','2018-03-09 01:11:04','2018-03-09 01:11:04',NULL),(13,8,'B6 应用系统科','杨建平',6,'yyy','2018-03-09 01:11:04','2018-03-09 01:11:04',NULL),(14,8,'B6 IT 科','李鹏程',10,'yyy','2018-03-09 01:11:04','2018-03-09 01:11:04',NULL),(15,9,'B7 应用系统科','李延龙',6,'yyy','2018-03-09 01:11:04','2018-03-09 01:11:04',NULL),(16,9,'B7 IT 科','董志刚',14,'yyy','2018-03-09 01:11:04','2018-03-09 01:11:04',NULL),(17,10,'B8 应用系统科','王石刚',6,'yyy','2018-03-09 01:11:04','2018-03-09 01:11:04',NULL),(18,10,'B8 IT 科','陈俊松',14,'yyy','2018-03-09 01:11:04','2018-03-09 01:11:04',NULL),(19,11,'B9 应用系统科','徐炎',6,'yyy','2018-03-09 01:11:04','2018-03-09 01:11:04',NULL),(20,11,'B9 IT 科','王亚坤',14,'yyy','2018-03-09 01:11:04','2018-03-09 01:11:04',NULL),(21,12,'B10 应用系统科','陈慧芳',6,'yyy','2018-03-09 01:11:04','2018-03-09 01:11:04',NULL),(22,12,'B10 IT 科','沈鑫',12,'yyy','2018-03-09 01:11:04','2018-03-09 01:11:04',NULL),(23,13,'B11 应用系统科','黄辅友',5,'yyy','2018-03-09 01:11:04','2018-03-09 01:11:04',NULL),(24,13,'B11 IT 科','杨凯',11,'yyy','2018-03-09 01:11:04','2018-03-09 01:11:04',NULL),(25,14,'B12 应用系统科',NULL,2,'yyy','2018-03-09 01:11:04','2018-03-09 01:11:04',NULL),(26,14,'B12 IT 科',NULL,4,'yyy','2018-03-09 01:11:04','2018-03-09 01:11:04',NULL),(27,15,'应用系统科','张书楠',5,'yyy','2018-03-09 01:11:04','2018-03-09 01:11:04',NULL),(28,15,'IT 科','张威',10,'yyy','2018-03-09 01:11:04','2018-03-09 01:11:04',NULL),(29,16,'B17 应用系统科','李昕',3,'yyy','2018-03-09 01:11:04','2018-03-09 01:11:04',NULL),(30,16,'B17 IT 科',NULL,11,'yyy','2018-03-09 01:11:04','2018-03-09 01:11:04',NULL),(31,2,'流程管理科','汪雯',1,'yyy','2018-03-09 01:11:04','2018-03-09 01:11:04',NULL),(32,2,'系统运维科','马诗琴',3,'yyy','2018-03-09 01:11:04','2018-03-09 01:11:04',NULL);

#
# Data for table "fom_post"
#

INSERT INTO `fom_post` (`id`,`post`,`postType`,`postDescribe`,`createdAt`,`updatedAt`,`deletedAt`) VALUES (1,'部长','中级管理',NULL,'2018-03-12 00:00:00','2018-03-12 00:00:00',NULL),(2,'科长','初级管理',NULL,'2018-03-12 00:00:00','2018-03-12 00:00:00',NULL),(3,'PP','IT 运维工程师',NULL,'2018-03-12 00:00:00','2018-03-12 00:00:00',NULL),(4,'QM','IT 运维工程师',NULL,'2018-03-12 00:00:00','2018-03-12 00:00:00',NULL),(5,'MM','IT 运维工程师',NULL,'2018-03-12 00:00:00','2018-03-12 00:00:00',NULL),(6,'FICO','IT 运维工程师',NULL,'2018-03-12 00:00:00','2018-03-12 00:00:00',NULL),(7,'SD','IT 运维工程师',NULL,'2018-03-12 00:00:00','2018-03-12 00:00:00',NULL),(8,'IE','IT 运维工程师',NULL,'2018-03-12 00:00:00','2018-03-12 00:00:00',NULL),(9,'PM','IT 运维工程师',NULL,'2018-03-12 00:00:00','2018-03-12 00:00:00',NULL),(10,'其他系统','IT 运维工程师',NULL,'2018-03-12 00:00:00','2018-03-12 00:00:00',NULL),(11,'服务器','IT 运维工程师',NULL,'2018-03-12 00:00:00','2018-03-12 00:00:00',NULL),(12,'桌面云','IT 运维工程师',NULL,'2018-03-12 00:00:00','2018-03-12 00:00:00',NULL),(13,'一卡通','IT 运维工程师',NULL,'2018-03-12 00:00:00','2018-03-12 00:00:00',NULL),(14,'弱电','IT 运维工程师',NULL,'2018-03-12 00:00:00','2018-03-12 00:00:00',NULL),(15,'PC','IT 运维工程师',NULL,'2018-03-12 00:00:00','2018-03-12 00:00:00',NULL),(16,'会议系统','IT 运维工程师',NULL,'2018-03-12 00:00:00','2018-03-12 00:00:00',NULL),(17,'信息安全','IT 运维工程师',NULL,'2018-03-12 00:00:00','2018-03-12 00:00:00',NULL),(18,'通讯','IT 运维工程师',NULL,'2018-03-12 00:00:00','2018-03-12 00:00:00',NULL),(19,'服务台','IT 运维工程师',NULL,'2018-03-12 00:00:00','2018-03-12 00:00:00',NULL),(20,'网络','IT 运维工程师',NULL,'2018-03-12 00:00:00','2018-03-12 00:00:00',NULL),(21,'企划','IT 规划工程师',NULL,'2018-03-12 00:00:00','2018-03-12 00:00:00',NULL);


#
# Data for table "state"
#

INSERT INTO `state` (`id`,`page`,`state`,`createdAt`,`updatedAt`,`deletedAt`) VALUES (1,'todo','任务备案','2018-03-12 08:52:50','2018-03-12 08:52:50',NULL),(2,'todo','on going','2018-03-12 08:52:50','2018-03-12 08:52:50',NULL),(3,'todo','closed','2018-03-12 08:52:50','2018-03-12 08:52:50',NULL),(4,'fom','在岗','2018-03-12 08:52:50','2018-03-12 08:52:50',NULL),(5,'fom','试用','2018-03-12 08:52:50','2018-03-12 08:52:50',NULL),(6,'fom','实习','2018-03-12 08:52:50','2018-03-12 08:52:50',NULL),(7,'fom','离职','2018-03-12 08:52:50','2018-03-12 08:52:50',NULL);

#
# Data for table "todo_list"
#

INSERT INTO `todo_list` (`id`,`title`,`content`,`result`,`priority`,`officer`,`owner`,`startDate`,`planFinishDate`,`realFinishDate`,`bz`,`state`,`createdAt`,`updatedAt`) VALUES (2,'ERP高效运营','-','-','重要紧急','-','-','2018-03-19','2018-03-23',NULL,NULL,1,'2018-03-19 05:18:16','2018-03-19 05:18:16'),(3,'制造大数据项目一期结案报告','-','-','重要紧急','-','-','2018-03-05','2018-03-30',NULL,NULL,1,'2018-03-26 07:27:27','2018-03-26 07:27:27');

#
# Data for table "user"
#

INSERT INTO `user` (`id`,`username`,`password`,`userid`,`email`,`deptId`,`role`,`createdAt`,`updatedAt`,`deletedAt`) VALUES (1,'admin','admin','118663','lupeng_ot@boe.com.cn',1,'B','2018-02-24 07:35:56','2018-02-24 07:35:56',NULL),(2,'b1info','admin','123456',NULL,3,'C','2018-03-19 00:00:00','2018-03-19 00:00:00',NULL),(3,'b2info','admin',NULL,NULL,4,'C','2018-03-27 00:00:00','2018-03-27 00:00:00',NULL),(4,'b3info','admin',NULL,NULL,5,'C','2018-03-27 00:00:00','2018-03-27 00:00:00',NULL),(5,'b4info','admin',NULL,NULL,6,'C','2018-03-27 00:00:00','2018-03-27 00:00:00',NULL),(6,'b5info','admin',NULL,NULL,7,'C','2018-03-27 00:00:00','2018-03-27 00:00:00',NULL),(7,'b6info','admin',NULL,NULL,8,'C','2018-03-27 00:00:00','2018-03-27 00:00:00',NULL),(8,'b7info','admin',NULL,NULL,9,'C','2018-03-27 00:00:00','2018-03-27 00:00:00',NULL),(9,'b8info','admin',NULL,NULL,10,'C','2018-03-27 00:00:00','2018-03-27 00:00:00',NULL),(10,'b9info','admin',NULL,NULL,11,'C','2018-03-27 00:00:00','2018-03-27 00:00:00',NULL),(11,'b10info','admin',NULL,NULL,12,'C','2018-03-27 00:00:00','2018-03-27 00:00:00',NULL),(12,'b11info','admin',NULL,NULL,13,'C','2018-03-27 00:00:00','2018-03-27 00:00:00',NULL),(13,'b12info','admin',NULL,NULL,14,'C','2018-03-27 00:00:00','2018-03-27 00:00:00',NULL),(14,'bmdtinfo','admin',NULL,NULL,15,'C','2018-03-27 00:00:00','2018-03-27 00:00:00',NULL),(15,'b17info','admin',NULL,NULL,16,'C','2018-03-27 00:00:00','2018-03-27 00:00:00',NULL),(16,'kminfo','admin',NULL,NULL,17,'C','2018-03-27 00:00:00','2018-03-27 00:00:00',NULL);
